country,active_personnel,aircraft_carriers,armored_fighting_vehicles,attack_aircraft,attack_helicopters,border_coverage_km,coal_consumption_mt,coal_production_cum,coastal_patrol_craft,coastline_coverage_km,corvettes,defense_budget_usd,destroyers,external_debt_usd,fighter_aircraft,fit_for_service,foreign_exchange_and_gold_reserves_usd,frigates,helicopter_carriers,labour_force,major_ports_and_terminals,mine_warfare_craft,natural_gas_consumption_cum,natural_gas_production_cum,oil_consumption_bbl,oil_production_bbl,paramilitary,population_reaching_military_age_annually,proven_coal_reserves_cum,proven_natural_gas_reserves_cum,proven_oil_reserves_bbl,purchasing_power_parity_usd,railway_coverage_km,reserve_personnel,roadway_coverage_km,rocket_projectors,self_propelled_artillery,special_mission_aircraft,submarines,tanker_aircraft,tanks,total_land_area_sq_km,total_merchant_marine_fleet,total_military_aircraft,total_military_helicopters,total_military_manpower,total_naval_fleet,total_naval_fleet_tonnage_mt,total_population,total_serviceable_airports,towed_artillery,trainer_aircraft,transport_aircraft,waterway_coverage_km
Afghanistan,75000,0,3902,0,0,5987 km,503000 mt,767000 Cu.M,0,0 km,0,145000000,0,1929750000,0,8826741,8852092000,0,0,9133000,0,0,80200000 Cu.M,80200000 Cu.M,58000 bbl,0 bbl,90000,842553,66000000 Cu.M,49554000000 Cu.M,0 bbl,82238000000,0 km,0,34903 km,0,0,0,0,0,0,652230 km,0,5,3,15647405,0,,40121552,68,0,0,2,1200 km
Albania,7500,0,1492,0,0,691 km,255000 mt,473000 Cu.M,33,362 km,0,720037190,0,5363000000,0,1292554,6516000000,0,0,1370000,3,0,50623000 Cu.M,50623000 Cu.M,21000 bbl,14000 bbl,500,62142,522000000 Cu.M,5692000000 Cu.M,150000000 bbl,51360000000,424 km,0,3581 km,270,10,0,0,0,0,28748 km,69,20,19,1522479,33,,3107100,3,0,0,1,41 km
Algeria,130000,0,24920,42,74,6734 km,3000 mt,0 Cu.M,75,998 km,8,25000000000,0,4764000000,111,19185169,83007000000,8,0,13294000,17,3,47963000000 Cu.M,100726000000 Cu.M,446000 bbl,1443000 bbl,150000,752360,233000000 Cu.M,4504000000000 Cu.M,12200000000 bbl,722912000000,4020 km,150000,112696 km,188,224,10,6,4,1485,2381740 km,119,620,300,22570787,111,83480,47022473,95,483,90,63,0 km
Angola,107000,0,2258,6,14,5369 km,0 mt,0 Cu.M,32,1600 km,0,31200000000,0,45299000000,67,3720206,14243000000,0,0,15961000,21,0,1397000000 Cu.M,5514000000 Cu.M,121000 bbl,1175000 bbl,10000,372021,0 Cu.M,343002000000 Cu.M,7783000000 bbl,278239000000,2761 km,0,76000 km,116,25,2,0,0,319,1246700 km,64,278,115,7440412,32,,37202061,107,575,56,32,1300 km
Argentina,108000,0,22432,11,0,11968 km,2534000 mt,869000 Cu.M,13,4989 km,6,993919790,3,74362000000,23,17575900,29560000000,0,0,22286000,37,0,46228000000 Cu.M,43280000000 Cu.M,749000 bbl,807000 bbl,20000,704916,799999000 Cu.M,396464000000 Cu.M,2483000000 bbl,1213000000000,17866 km,12370,240000 km,27,20,13,2,2,362,2780400 km,201,241,96,20677529,42,122128,46994384,764,172,71,25,11000 km
Armenia,65000,0,1412,14,20,1570 km,19000 mt,300 Cu.M,0,0 km,0,1480000000,0,6002000000,4,1366335,3685000000,0,0,1510000,0,0,2861000000 Cu.M,0 Cu.M,15000 bbl,0 bbl,5000,44651,317000000 Cu.M,0 Cu.M,0 bbl,60909000000,686 km,210000,7700 km,100,104,0,0,0,109,29743 km,0,69,36,1666988,0,,2976765,11,193,12,3,0 km
Australia,58910,0,17118,71,22,0 km,95667000 mt,445077000 Cu.M,13,25760 km,0,57350000000,3,3770254730000,24,9208398,60404000000,7,2,14912000,66,3,50188000000 Cu.M,153783000000 Cu.M,1151000 bbl,386000 bbl,0,294455,149472000000 Cu.M,3228000000000 Cu.M,2446000000 bbl,1635000000000,32606 km,33270,873573 km,8,0,31,6,6,46,7741220 km,604,348,72,11242811,45,199898,26768598,2257,48,107,37,2000 km
Austria,25000,0,5160,0,0,2524 km,5403000 mt,1288000 Cu.M,0,0 km,0,6103900800,0,693000000000,15,3632033,35406000000,0,0,4768000,0,0,8136000000 Cu.M,618209000 Cu.M,244000 bbl,18000 bbl,0,98648,0 Cu.M,5040000000 Cu.M,35200000 bbl,581131000000,6123 km,125600,126233 km,0,30,0,0,0,56,83871 km,1,90,41,4035592,0,,8967982,62,0,23,11,358 km
Azerbaijan,128000,0,14448,20,16,2468 km,6000 mt,0 Cu.M,17,713 km,0,5100000000,0,12378000000,12,3908638,12699000000,0,0,5020000,0,4,11759000000 Cu.M,34175000000 Cu.M,109000 bbl,618000 bbl,15000,159754,0 Cu.M,1699000000000 Cu.M,7000000000 bbl,225198000000,2944 km,306000,24981 km,696,135,0,4,0,1354,86600 km,312,159,87,5218617,32,,10650239,32,651,36,4,0 km
Bahrain,18400,0,5196,0,34,0 km,0 mt,0 Cu.M,50,161 km,2,997015509,0,54450000000,28,720768,4949000000,2,0,913300,4,0,17924000000 Cu.M,18005000000 Cu.M,72000 bbl,190000 bbl,1500,17236,0 Cu.M,81382000000 Cu.M,186500000 bbl,93937000000,0 km,110000,4122 km,18,38,0,0,0,150,760 km,184,137,66,846120,64,,1566888,3,26,40,3,0 km
Bangladesh,204000,0,11584,0,0,4413 km,14050000 mt,767000 Cu.M,61,580 km,6,3340000000,0,58020000000,41,66129296,21395000000,7,0,77355000,2,5,30384000000 Cu.M,24620000000 Cu.M,263000 bbl,13000 bbl,6800000,3205246,3260000000 Cu.M,126293000000 Cu.M,28000000 bbl,1473000000000,2460 km,0,369105 km,103,36,4,2,0,320,148460 km,558,212,67,82661620,121,75280,168697184,17,487,83,17,8370 km
Belarus,63000,0,6820,50,31,3599 km,710000 mt,0 Cu.M,0,0 km,0,1034784000,0,18010000000,43,3724569,8912000000,0,0,4817000,0,0,16683000000 Cu.M,73929000 Cu.M,125000 bbl,30000 bbl,55000,104516,0 Cu.M,2832000000 Cu.M,198000000 bbl,265220000000,5528 km,365400,86600 km,206,357,0,0,0,577,207600 km,4,194,70,5035769,0,,9501451,46,190,27,4,2500 km
Belgium,26390,0,3588,12,0,1297 km,4372000 mt,1269000 Cu.M,2,67 km,0,14900000000,0,1594190730000,44,3880753,41449000000,2,0,5416000,7,5,15347000000 Cu.M,13436000 Cu.M,596000 bbl,11000 bbl,0,119776,4100000000 Cu.M,0 Cu.M,0 bbl,749229000000,3602 km,6600,118414 km,0,0,0,0,0,0,30528 km,198,104,14,4910830,9,10190,11977634,48,0,27,7,2043 km
Beliz,2000,0,164,0,0,542 km,0 mt,0 Cu.M,15,386 km,0,34400000,0,1235000000,0,90226,498087000,0,0,190000,2,0,0 Cu.M,0 Cu.M,5000 bbl,800 bbl,0,8732,0 Cu.M,0 Cu.M,6700000 bbl,5538000000,0 km,850,3281 km,0,0,1,0,0,0,22966 km,774,3,1,158000,15,,415789,27,0,0,1,825 km
Benin,4750,0,92,0,0,2123 km,164000 mt,0 Cu.M,2,121 km,0,137690000,0,6309000000,0,3189260,698900000,0,0,6397000,1,0,182131000 Cu.M,0 Cu.M,40000 bbl,0 bbl,0,308638,0 Cu.M,1133000000 Cu.M,8000000 bbl,56424000000,438 km,0,16000 km,0,0,1,0,0,0,112622 km,6,7,5,5584880,2,,14697052,10,16,0,1,150 km
Bhutan,16000,0,78,0,0,1136 km,105000 mt,4000 Cu.M,0,0 km,0,26600000,0,2827000000,0,122067,941018000,0,0,406500,0,0,0 Cu.M,0 Cu.M,4000 bbl,0 bbl,0,4423,0 Cu.M,0 Cu.M,0 bbl,11517000000,0 km,50000,12205 km,0,0,0,0,0,0,38394 km,0,2,2,203446,0,,884546,4,0,0,0,0 km
Bolivia,40000,0,764,0,0,7252 km,9000 mt,0 Cu.M,50,0 km,0,467670000,0,11174000000,0,4112199,1977000000,0,0,6859000,0,0,3055000000 Cu.M,13760000000 Cu.M,100000 bbl,58000 bbl,0,233928,1000000 Cu.M,302990000000 Cu.M,240900000 bbl,122200000000,3690 km,40000,90568 km,0,0,2,0,0,54,1098581 km,50,67,29,5417269,67,,12311974,201,58,20,15,10000 km
Bosnia and Herzegovina,18000,0,892,0,0,1543 km,12304000 mt,12311000 Cu.M,0,20 km,0,289920000,0,5359000000,0,1956316,9419000000,0,0,1356000,1,0,225824000 Cu.M,0 Cu.M,34000 bbl,0 bbl,0,49383,2264000000 Cu.M,0 Cu.M,0 bbl,64641000000,965 km,8000,8619 km,24,0,0,0,0,45,51197 km,0,15,15,2355176,0,,3798671,20,300,0,0,990 km
Botswana,12000,0,1224,0,0,4347 km,1351000 mt,2242000 Cu.M,0,0 km,0,581000000,0,1761000000,10,617568,3456000000,0,0,1173000,0,0,0 Cu.M,0 Cu.M,22000 bbl,0 bbl,0,24507,1660000000 Cu.M,0 Cu.M,0 bbl,45553000000,888 km,0,31747 km,20,12,0,0,0,45,581730 km,0,45,16,1029281,0,,2450668,122,36,10,9,0 km
Brazil,376000,0,22464,30,0,16145 km,32223000 mt,15556000 Cu.M,22,7491 km,2,26400000000,0,198582000000,44,88680759,329732000000,8,1,106790000,45,4,31654000000 Cu.M,22670000000 Cu.M,3163000 bbl,4221000 bbl,200000,3520824,6596000000 Cu.M,363985000000 Cu.M,12715000000 bbl,4165000000000,29850 km,1340000,2000000 km,82,149,25,6,0,294,8515770 km,888,495,186,112226271,69,166419,220051512,5297,412,124,107,50000 km
Bulgaria,36950,0,6724,5,4,1806 km,20557000 mt,20970000 Cu.M,0,354 km,3,2485350000,0,14277000000,11,2611324,43698000000,6,0,3124000,2,17,2801000000 Cu.M,20837000 Cu.M,101000 bbl,4000 bbl,0,61044,2174000000 Cu.M,5663000000 Cu.M,15000000 bbl,219645000000,4029 km,3000,19512 km,24,48,0,0,0,334,110880 km,78,71,23,3187850,45,,6782659,107,24,26,6,470 km
Burkina Faso,7500,0,876,3,5,3611 km,0 mt,0 Cu.M,0,0 km,0,4590000000,0,3565000000,0,6060098,47138000,0,0,6461000,0,0,0 Cu.M,0 Cu.M,37000 bbl,0 bbl,4500,368675,0 Cu.M,0 Cu.M,0 bbl,60001000000,622 km,0,15304 km,9,0,2,0,0,0,274200 km,0,26,19,8525614,0,,23042199,49,8,0,2,0 km
Cambodia,124300,0,5439,0,0,2530 km,4390000 mt,27000 Cu.M,20,443 km,0,750000000,0,8019000000,0,5733393,22506000000,0,0,9904000,2,0,0 Cu.M,0 Cu.M,77000 bbl,0 bbl,10000,307146,0 Cu.M,0 Cu.M,0 bbl,123676000000,642 km,0,61810 km,521,30,0,0,0,520,181035 km,195,24,20,8190561,20,,17063669,12,525,0,4,3700 km
Cameroon,38000,0,860,0,0,5018 km,0 mt,0 Cu.M,19,400 km,0,835694942,0,11112000000,0,6224187,4882000000,0,0,11119000,7,0,877058000 Cu.M,2595000000 Cu.M,41000 bbl,64000 bbl,9000,495458,0 Cu.M,135071000000 Cu.M,200000000 bbl,143264000000,987 km,0,77589 km,20,18,2,0,0,0,475440 km,198,35,21,10528476,19,,30966105,37,52,6,6,0 km
Canada,63500,0,21780,0,0,8893 km,20092000 mt,50687000 Cu.M,17,202080 km,0,45824959620,0,2571113270000,66,13500595,119778000000,12,0,22868000,284,0,130316000000 Cu.M,187686000000 Cu.M,2377000 bbl,5688000 bbl,5500,426743,6582000000 Cu.M,2067126000000 Cu.M,170300000000 bbl,2341000000000,49422 km,23000,1042300 km,0,0,34,4,6,74,9984670 km,716,354,146,16681770,67,119637,38794813,1425,0,95,29,636 km
Central African Republic,30000,0,270,8,0,5920 km,0 mt,0 Cu.M,0,0 km,0,300000000,0,724179000,0,1254512,374405000,0,0,2000000,0,0,0 Cu.M,0 Cu.M,2000 bbl,0 bbl,1000,101717,3000000 Cu.M,0 Cu.M,0 bbl,5926000000,0 km,0,24000 km,0,0,0,0,0,0,622984 km,0,8,0,2203873,0,,5650957,43,0,0,0,2800 km
Chad,37750,0,4345,7,3,6406 km,0 mt,0 Cu.M,0,0 km,0,706800000,0,2286000000,0,3856906,1050000000,0,0,6600000,0,0,0 Cu.M,0 Cu.M,15000 bbl,124000 bbl,5000,381872,0 Cu.M,0 Cu.M,1500000000 bbl,52895000000,0 km,0,40000 km,16,10,2,0,0,90,1284000 km,0,40,16,6873694,0,,19093595,44,13,8,7,12400 km
Chile,80000,0,7480,0,0,7801 km,8087000 mt,474000 Cu.M,40,6435 km,0,6800000000,0,235950000000,45,7521855,44403000000,8,0,10088000,39,0,6916000000 Cu.M,1200000000 Cu.M,404000 bbl,11000 bbl,50000,298634,1181000000 Cu.M,97976000000 Cu.M,150000000 bbl,596556000000,7282 km,40000,77801 km,9,48,18,4,5,386,756102 km,249,274,86,8959033,130,176065,18664652,379,249,92,33,12290 km
China,2035000,3,152040,371,281,22457 km,5191000000 mt,4805000000 Cu.M,150,14500 km,50,303000000000,53,488114000000,1443,626864169,3456000000000,46,4,773880000,66,36,366160000000 Cu.M,225341000000 Cu.M,16189000 bbl,4984000 bbl,625000,19810606,157041000000 Cu.M,6654000000000 Cu.M,26023000000 bbl,33598000000000,150000 km,510000,5200000 km,2770,2940,105,61,9,5870,9596960 km,8314,3529,1007,764123366,841,3192411,1415043270,552,1400,401,287,27700 km
Colombia,429000,0,12780,24,0,6672 km,9720000 mt,52376000 Cu.M,158,3208 km,2,15800000000,0,108027000000,16,19190694,61898000000,9,0,26822000,14,0,11451000000 Cu.M,11290000000 Cu.M,374000 bbl,800000 bbl,150000,843002,4554000000 Cu.M,87782000000 Cu.M,2036000000 bbl,978024000000,2141 km,998000,206102 km,0,6,27,4,1,0,1138910 km,153,430,255,24298295,213,31090,49588357,661,110,72,82,24725 km
Croatia,14325,0,4874,0,0,2237 km,596000 mt,0 Cu.M,11,5835 km,0,2744000000,0,60500000000,12,1564594,3336000000,0,0,1733000,16,1,2502000000 Cu.M,741456000 Cu.M,70000 bbl,11000 bbl,2000,53952,0 Cu.M,24919000000 Cu.M,71000000 bbl,164825000000,2617 km,20100,26958 km,42,25,0,0,0,55,56594 km,384,67,37,2033557,30,,4150116,45,42,26,0,4714 km
Cuba,50000,0,7792,0,4,29 km,1000 mt,0 Cu.M,6,3735 km,1,3301500000,0,36372600000,11,4737328,10442000000,1,0,489000,34,4,659434000 Cu.M,659434000 Cu.M,118000 bbl,34000 bbl,1145000,142558,0 Cu.M,70792000000 Cu.M,124000000 bbl,81165000000,8367 km,40000,60000 km,200,140,0,0,0,194,110860 km,65,20,13,5921661,19,,10966038,120,364,3,4,240 km
Czechia,30334,0,6275,16,4,2046 km,33239000 mt,31946000 Cu.M,0,0 km,0,9174000000,0,232320000000,12,4129236,146281000000,0,0,5541000,0,0,7602000000 Cu.M,224725000 Cu.M,219000 bbl,4000 bbl,0,97541,3595000000 Cu.M,3964000000 Cu.M,15000000 bbl,521928000000,9548 km,4900,129418 km,16,53,2,0,0,20,78867 km,0,103,42,5093808,0,,10837890,252,0,21,10,664 km
Democratic Republic of the Congo,166580,0,7164,6,9,10481 km,304000 mt,0 Cu.M,16,37 km,0,960000000,0,7926000000,0,31389623,3898125000,0,0,38546000,3,0,380000 Cu.M,380000 Cu.M,35000 bbl,19000 bbl,10000,2538867,987999000 Cu.M,991090000 Cu.M,180000000 bbl,164367000000,4007 km,30800,152373 km,81,16,0,0,0,212,2344858 km,24,56,38,39237029,16,,115403027,273,125,2,10,15000 km
Denmark,21000,0,5930,19,0,140 km,1135000 mt,0 Cu.M,9,7314 km,0,14250000000,0,611050000000,26,2126436,108405000000,9,0,3210000,69,6,2208000000 Cu.M,1879000000 Cu.M,151000 bbl,63000 bbl,51000,77651,0 Cu.M,29534000000 Cu.M,441000000 bbl,440558000000,2682 km,12000,73591 km,8,19,3,0,0,44,43094 km,715,122,34,2628180,50,121180,5973136,102,0,36,4,400 km
Dominican Republic,89000,0,930,8,0,376 km,2356000 mt,0 Cu.M,14,1288 km,0,903000000,0,35044000000,0,4034315,13471000000,0,0,5413000,17,0,2440000000 Cu.M,0 Cu.M,146000 bbl,0 bbl,30000,97343,0 Cu.M,0 Cu.M,0 bbl,276884000000,496 km,189000,19705 km,0,0,1,0,0,6,48320 km,40,80,49,4975294,34,,10815857,32,14,17,11,0 km
Ecuador,41250,0,5322,0,0,2237 km,14000 mt,0 Cu.M,5,2237 km,6,2963400000,0,39658000000,0,6738074,6908000000,2,0,8821000,6,0,309778000 Cu.M,309778000 Cu.M,272000 bbl,480000 bbl,1500,329580,24000000 Cu.M,10902000000 Cu.M,8273000000 bbl,252728000000,965 km,118000,43950 km,24,5,8,2,0,202,283560 km,154,99,43,8422593,30,,18309984,317,106,34,20,1500 km
Egypt,438500,0,54694,90,100,2612 km,3262000 mt,69000 Cu.M,61,2450 km,7,5193500000,0,117272000000,242,38269053,44921000000,13,2,33749000,31,17,60089000000 Cu.M,64817000000 Cu.M,830000 bbl,667000 bbl,300000,1668709,182000000 Cu.M,1784000000000 Cu.M,3300000000 bbl,1958000000000,5085 km,479000,65050 km,648,1056,11,8,0,3620,1001450 km,441,1088,348,45611372,149,235989,111247248,73,962,344,53,3500 km
El Salvador,25000,0,2144,15,0,590 km,500 mt,0 Cu.M,8,307 km,0,1037200000,0,12668000000,0,2512278,3705000000,0,0,2890000,3,0,226472 Cu.M,0 Cu.M,56000 bbl,3 bbl,15000,145831,0 Cu.M,0 Cu.M,0 bbl,73961000000,13 km,0,9012 km,0,0,0,0,0,0,21041 km,5,51,28,3181777,13,,6628702,27,76,10,3,422 km
Eritrea,350000,0,1040,0,6,1840 km,0 mt,0 Cu.M,18,2234 km,0,219000000,0,461376000,1,1598677,191694000,0,0,1710000,2,0,0 Cu.M,0 Cu.M,5000 bbl,0 bbl,0,76127,0 Cu.M,0 Cu.M,0 bbl,2534000000,306 km,680000,16000 km,44,45,0,0,0,148,117600 km,9,20,13,2220385,23,,6343956,11,89,1,5,0 km
Estonia,7700,0,2579,0,0,657 km,800 mt,0 Cu.M,4,3794 km,0,2375000000,0,29040000000,0,456028,2075000000,0,0,756200,20,4,354912000 Cu.M,0 Cu.M,27000 bbl,24000 bbl,10000,13132,0 Cu.M,0 Cu.M,0 bbl,57001000000,1441 km,230000,89382 km,6,48,0,0,0,0,45228 km,72,2,0,584958,8,,1193791,34,0,0,2,335 km
Ethiopia,503000,0,8586,0,7,5925 km,1653000 mt,456000 Cu.M,0,0 km,0,3720968976,0,25426000000,25,35327989,3784000000,0,0,54470000,0,0,0 Cu.M,0 Cu.M,102000 bbl,0 bbl,0,2726657,0 Cu.M,24919000000 Cu.M,428000 bbl,380895000000,659 km,138000,180000 km,79,142,0,0,0,338,1104300 km,12,104,33,56904143,0,,118550298,58,469,34,9,0 km
Finland,24000,0,14866,0,0,2563 km,3933000 mt,811000 Cu.M,8,1250 km,0,8890000000,0,726000000000,53,1912981,17993000000,0,0,2898000,37,18,1157000000 Cu.M,0 Cu.M,175000 bbl,8000 bbl,53800,56264,0 Cu.M,0 Cu.M,0 bbl,313591000000,5918 km,870000,108637 km,76,125,1,0,0,200,338145 km,282,162,27,2306830,165,19434,5626414,98,667,77,11,8000 km
France,264000,1,110784,0,67,4072 km,12570000 mt,2157000 Cu.M,22,4853 km,0,67232395000,11,7691315390000,223,23794358,282857000000,5,3,31725000,66,19,37001000000 Cu.M,20132000 Cu.M,1536000 bbl,80000 bbl,150000,752121,160000000 Cu.M,7787000000 Cu.M,61719000 bbl,3732000000000,27860 km,43444,1053215 km,9,74,44,9,15,427,643801 km,553,974,452,30084820,166,487471,68374591,1218,0,140,118,8501 km
Gabon,5000,0,424,0,0,3261 km,0 mt,0 Cu.M,4,885 km,0,340950000,0,6442000000,6,532758,1447000000,0,0,824400,9,0,463000000 Cu.M,463000000 Cu.M,14000 bbl,204000 bbl,2500,46647,0 Cu.M,25995000000 Cu.M,2000000000 bbl,48045000000,649 km,0,14300 km,28,0,0,0,0,0,267667 km,87,25,16,932940,5,,2455105,42,4,0,3,1600 km
Georgia,37000,0,5974,5,11,1814 km,384000 mt,148000 Cu.M,31,310 km,0,680000000,0,9085000000,0,2225036,4447000000,0,0,1833000,3,4,2796000000 Cu.M,8760000 Cu.M,34000 bbl,300 bbl,0,93118,900999000 Cu.M,8495000000 Cu.M,35000000 bbl,91849000000,1363 km,205500,40044 km,42,67,0,0,0,132,69700 km,26,61,44,2744538,19,,4900961,21,121,10,2,0 km
Germany,184324,0,87338,63,49,3694 km,140994000 mt,109741000 Cu.M,54,2389 km,6,127400090000,0,6862470230000,127,30955829,377936000000,11,0,43772000,35,12,77516000000 Cu.M,4824000000 Cu.M,2062000 bbl,131000 bbl,0,841191,35400000000 Cu.M,23390000000 Cu.M,115200000 bbl,5247000000000,39379 km,860000,830000 km,33,134,27,6,3,296,357022 km,595,569,292,38694786,96,241492,84119100,840,0,16,55,7300 km
Ghana,15500,0,3648,0,0,2420 km,51000 mt,0 Cu.M,20,539 km,0,954423756,0,29241000000,0,9961658,3624000000,0,0,13927000,4,0,3912000000 Cu.M,3192000000 Cu.M,96000 bbl,176000 bbl,0,622604,0 Cu.M,22653000000 Cu.M,660000000 bbl,243124000000,947 km,0,65725 km,6,0,2,0,0,0,238533 km,52,18,9,14873310,20,,34589092,11,6,5,2,1293 km
Greece,142700,0,56416,0,28,1110 km,10091000 mt,10469000 Cu.M,45,13676 km,0,8242150000,0,605000000000,178,3985676,15222000000,14,0,4655000,57,3,5173000000 Cu.M,3284000 Cu.M,308000 bbl,5000 bbl,55000,104611,2876000000 Cu.M,991090000 Cu.M,10000000 bbl,192205000000,2345 km,221350,117000 km,152,589,8,9,0,1344,131957 km,1215,560,285,4916713,186,215808,10461091,82,698,86,17,6 km
Guatemala,106114,0,3268,3,0,1667 km,1012000 mt,0 Cu.M,20,400 km,0,616000000,0,11862000000,0,6279794,24412000000,0,0,7575000,3,0,2986000 Cu.M,3276000 Cu.M,117000 bbl,6000 bbl,35000,182552,0 Cu.M,0 Cu.M,86110000 bbl,232673000000,800 km,90000,17440 km,0,0,2,0,0,0,108889 km,9,35,20,7484639,25,,18255216,58,110,0,10,990 km
Honduras,52225,0,4666,7,0,1575 km,144000 mt,0 Cu.M,93,832 km,0,612300000,0,7785000000,6,3144632,8036000000,0,0,4296000,8,0,0 Cu.M,0 Cu.M,71000 bbl,20 bbl,23000,95292,0 Cu.M,0 Cu.M,0 bbl,71297000000,699 km,0,14742 km,0,0,1,0,0,22,112090 km,489,45,11,4192843,98,,9529188,129,48,10,10,465 km
Hungary,41600,0,11502,0,8,2106 km,4694000 mt,4293000 Cu.M,0,0 km,0,5887250000,0,151250000000,12,3794462,46422000000,0,0,4954000,0,0,9485000000 Cu.M,1523000000 Cu.M,179000 bbl,36000 bbl,15000,118269,2633000000 Cu.M,3738000000 Cu.M,12100000 bbl,389207000000,7687 km,20000,203601 km,0,24,0,0,0,220,103000 km,1,80,50,4632200,0,,9855745,109,295,17,3,1622 km
Iceland,0,0,350,0,0,0 km,137000 mt,0 Cu.M,0,4970 km,0,500000000,0,24200000000,0,50237,6403000000,0,0,248400,43,0,0 Cu.M,0 Cu.M,19000 bbl,0 bbl,0,1820,0 Cu.M,0 Cu.M,0 bbl,26561000000,0 km,0,12905 km,0,0,0,0,0,0,100250 km,39,0,0,83728,0,,364036,82,0,0,0,0 km
India,1431000,2,163554,124,79,13888 km,1262000000 mt,1020000000 Cu.M,146,7000 km,21,109000000000,13,212728000000,476,522786598,643043000000,18,0,607691000,56,0,58867000000 Cu.M,33170000000 Cu.M,5271000 bbl,822000 bbl,2527000,23955181,127727000000 Cu.M,1381000000000 Cu.M,4605000000 bbl,14244000000000,65554 km,1000000,6371847 km,300,100,72,18,6,3913,3287263 km,1859,2183,594,662290299,343,631989,1409128296,315,5640,334,277,14500 km
Indonesia,404500,0,28064,34,15,2958 km,281159000 mt,783453000 Cu.M,211,54716 km,26,11155297716,0,225273000000,41,114595923,155708000000,10,0,143144000,123,10,36061000000 Cu.M,57410000000 Cu.M,1645000 bbl,865000 bbl,250000,4786562,35055000000 Cu.M,1408000000000 Cu.M,2480000000 bbl,4102000000000,8159 km,401000,496607 km,67,153,15,4,1,331,1904569 km,11422,460,212,137965608,338,324754,281562465,556,396,114,73,21579 km
Iran,610000,0,75939,21,13,5894 km,3032000 mt,2209000 Cu.M,21,2440 km,3,9230000000,0,6759000000,188,41541860,120600000000,7,0,28575000,18,1,244890000000 Cu.M,263280000000 Cu.M,2415000 bbl,4112000 bbl,220000,1414191,1203000000 Cu.M,33987000000000 Cu.M,208600000000 bbl,1486000000000,8484 km,350000,223485 km,1550,424,10,25,6,2675,1648195 km,965,551,129,49496685,109,283516,88386937,177,1803,103,86,850 km
Iraq,193000,0,37496,36,39,3809 km,0 mt,0 Cu.M,55,58 km,1,8000000000,0,15580000000,26,14308368,100691000000,0,0,12008000,6,0,19298000000 Cu.M,9860000000 Cu.M,1043000 bbl,4448000 bbl,100000,715418,0 Cu.M,3729000000000 Cu.M,145019000000 bbl,585887000000,2272 km,0,59623 km,572,434,17,0,0,1188,438317 km,74,360,183,17675043,67,32565,42083436,73,610,111,15,5279 km
Ireland,7557,0,3296,0,0,443 km,1341000 mt,0 Cu.M,8,1448 km,0,1754400500,0,3630000000000,0,1999182,12698000000,0,0,2857000,21,0,5280000000 Cu.M,1447000000 Cu.M,159000 bbl,600 bbl,0,57568,40000000 Cu.M,9911000000 Cu.M,0 bbl,620544000000,1688 km,1720,102227 km,0,0,2,0,0,0,70273 km,94,23,8,2407392,8,,5233461,100,0,8,5,956 km
Israel,169500,0,62380,45,48,1068 km,5297000 mt,0 Cu.M,66,273 km,7,34600000000,0,163350000000,239,3281513,214544000000,0,0,4710000,5,0,11510000000 Cu.M,22886000000 Cu.M,219000 bbl,15000 bbl,35000,131637,0 Cu.M,176018000000 Cu.M,12730000 bbl,472177000000,1497 km,465000,20391 km,228,323,19,6,13,1300,21937 km,41,597,127,3949099,82,40638,9402617,40,171,148,14,0 km
Italy,165500,2,87364,65,37,1836 km,12424000 mt,1572000 Cu.M,15,7600 km,0,37325165000,3,3025000000000,88,22191235,290547000000,14,0,25828000,123,10,68735000000 Cu.M,3117000000 Cu.M,1245000 bbl,111000 bbl,105000,548684,609999000 Cu.M,45750000000 Cu.M,497934000 bbl,3133000000000,18475 km,18300,228863 km,21,64,22,8,8,203,301340 km,1276,714,352,27434219,285,387892,60964931,655,108,152,31,2400 km
Ivory Coast,22000,0,1328,0,5,3458 km,0 mt,0 Cu.M,7,515 km,0,18200000,0,26576000000,0,7855221,7583484000,0,0,12595000,5,0,2635000000 Cu.M,2635000000 Cu.M,87000 bbl,29000 bbl,5500,569653,0 Cu.M,28317000000 Cu.M,100000000 bbl,215018000000,660 km,0,81996 km,6,0,3,0,0,0,322463 km,25,22,14,12292521,8,,29981758,29,4,2,3,980 km
Japan,251500,0,54390,47,118,0 km,197612000 mt,27657000 Cu.M,6,29751 km,0,58000000000,41,5147667910000,217,42874277,1231000000000,8,4,69382000,163,18,92843000000 Cu.M,2220000000 Cu.M,3140000 bbl,8000 bbl,25000,1108818,350000000 Cu.M,20898000000 Cu.M,44115000 bbl,5715000000000,27311 km,56000,1218772 km,99,193,135,23,10,734,377915 km,5229,1429,583,52976836,158,798062,123201945,280,480,399,53,1770 km
Jordan,114500,0,25278,10,44,1744 km,269000 mt,0 Cu.M,27,26 km,0,2668500000,0,21058000000,44,2983464,21939000000,0,0,3080000,1,0,4382000000 Cu.M,187262000 Cu.M,97000 bbl,20 bbl,35000,145262,0 Cu.M,6031000000 Cu.M,1000000 bbl,109986000000,509 km,100000,7203 km,84,478,11,0,0,1508,89342 km,34,279,159,3463947,27,,11174024,18,80,66,12,0 km
Kazakhstan,110000,0,17460,13,12,13364 km,86349000 mt,120279000 Cu.M,23,26 km,0,5836386000,0,25765000000,37,6928922,45808000000,0,0,10285000,0,2,22623000000 Cu.M,27011000000 Cu.M,386000 bbl,1955000 bbl,55000,283640,25605000000 Cu.M,2407000000000 Cu.M,30000000000 bbl,739385000000,16636 km,135000,96167 km,287,126,0,0,0,353,2724900 km,122,168,72,9117003,26,,20260006,132,194,25,21,43983 km
Kenya,50000,0,9114,0,2,3457 km,1453000 mt,0 Cu.M,18,536 km,0,1651803025,0,31451000000,17,14037377,10067000000,0,0,23781000,4,0,0 Cu.M,0 Cu.M,113000 bbl,0 bbl,25000,931942,0 Cu.M,0 Cu.M,0 bbl,328632000000,3819 km,0,161452 km,0,18,2,0,0,188,580367 km,26,154,84,21551160,27,,58246378,368,53,30,21,0 km
Kosovo,4000,0,1357,0,0,714 km,6931000 mt,6924000 Cu.M,0,0 km,0,1177450000,0,785739000,0,743387,1310000000,0,0,500300,0,0,0 Cu.M,0 Cu.M,16000 bbl,0 bbl,500,17794,1564000000 Cu.M,0 Cu.M,0 bbl,25019000000,437 km,5000,2248 km,0,0,0,0,0,0,10887 km,0,0,0,917371,0,,1977093,2,0,0,0,0 km
Kuwait,78000,0,7472,0,16,475 km,60000 mt,0 Cu.M,106,499 km,0,7987000000,0,60500000000,47,1449920,50728000000,0,0,3003000,6,0,26083000000 Cu.M,19285000000 Cu.M,430000 bbl,2910000 bbl,7500,37660,0 Cu.M,1784000000000 Cu.M,101500000000 bbl,225947000000,0 km,24000,5749 km,27,51,0,0,3,367,17818 km,176,133,68,1726095,123,,3138355,6,0,13,2,0 km
Kyrgyzstan,23000,0,5372,0,2,4573 km,4212000 mt,3685000 Cu.M,0,0 km,0,654000000,0,3617000000,0,2487357,5089000000,0,0,3197000,0,0,438000000 Cu.M,31026000 Cu.M,31000 bbl,6000 bbl,55000,117270,28499000000 Cu.M,5663000000 Cu.M,40000000 bbl,50907000000,424 km,0,34000 km,21,30,0,0,0,215,199951 km,0,7,7,3147772,0,,6172101,28,174,0,0,576 km
Laos,100000,0,7725,0,0,5274 km,15944000 mt,16629000 Cu.M,47,0 km,0,355600000,0,9619000000,0,2521277,1770000000,0,0,3585000,0,0,0 Cu.M,0 Cu.M,25000 bbl,0 bbl,120000,159071,62000000 Cu.M,0 Cu.M,0 bbl,66905000000,422 km,30000,59647 km,64,50,0,0,0,160,236800 km,1,29,20,3499565,51,,7953556,20,97,7,2,4600 km
Latvia,17870,0,3410,0,0,1370 km,20000 mt,0 Cu.M,11,498 km,0,42000000,0,48598440000,0,648449,5141000000,0,0,954900,5,6,828214000 Cu.M,0 Cu.M,33000 bbl,2000 bbl,12500,16211,0 Cu.M,0 Cu.M,0 bbl,72516000000,2216 km,38000,57972 km,0,47,0,0,0,0,64589 km,83,3,3,810561,18,,1801246,55,0,0,0,300 km
Lebanon,80000,0,6912,9,0,484 km,166000 mt,0 Cu.M,42,225 km,0,800000000,0,41619000000,0,1775644,33301000000,0,0,1939000,5,0,0 Cu.M,0 Cu.M,115000 bbl,0 bbl,65000,69738,0 Cu.M,0 Cu.M,0 bbl,65415000000,401 km,15000,21705 km,11,12,0,0,0,334,10400 km,51,80,68,2092148,48,,5364482,8,350,9,0,0 km
Liberia,2100,0,550,0,0,1667 km,0 mt,0 Cu.M,6,579 km,0,20700000,0,1335000000,0,1913912,599660000,0,0,2607000,4,0,0 Cu.M,0 Cu.M,5000 bbl,0 bbl,5500,65247,0 Cu.M,0 Cu.M,0 bbl,9308000000,429 km,0,10600 km,0,0,0,0,0,0,111369 km,4821,0,0,2392390,6,,5437249,19,0,0,0,0 km
Libya,32000,0,2728,1,4,4339 km,0 mt,0 Cu.M,2,1770 km,0,1474800000,0,3654200000,10,3290485,92894000000,1,0,2585000,14,0,9212000000 Cu.M,11832000000 Cu.M,207000 bbl,1245000 bbl,100000,125141,0 Cu.M,1505000000000 Cu.M,48363000000 bbl,90609000000,0 km,0,34000 km,25,20,0,0,0,55,1759540 km,96,83,22,3827857,5,,7361263,75,38,35,12,0 km
Lithuania,23000,0,4553,0,0,1545 km,166000 mt,0 Cu.M,5,90 km,0,5651760000,0,48400000000,0,1332490,7406000000,0,0,1548000,2,4,1601000000 Cu.M,0 Cu.M,67000 bbl,4000 bbl,14150,36795,0 Cu.M,0 Cu.M,12000000 bbl,136227000000,1911 km,104000,83821 km,0,16,0,0,0,0,65300 km,59,9,4,1708321,13,,2628186,64,54,0,5,441 km
Luxembourg,1200,0,476,0,0,327 km,34000 mt,0 Cu.M,0,0 km,0,1530685000,0,5203000000000,0,92633,2789000000,0,0,350000,0,0,594240000 Cu.M,0 Cu.M,51000 bbl,0 bbl,0,3356,0 Cu.M,0 Cu.M,0 bbl,86871000000,271 km,0,2746 km,0,0,0,0,0,0,2586 km,147,1,0,154388,0,,671254,3,0,0,1,37 km
Madagascar,13500,0,316,0,0,0 km,472000 mt,0 Cu.M,5,4828 km,0,147630000,0,3548000000,0,7952233,2785000000,0,0,16519000,13,0,0 Cu.M,0 Cu.M,20000 bbl,0 bbl,8100,559602,150000000 Cu.M,0 Cu.M,0 bbl,52968000000,836 km,0,31640 km,0,0,0,0,0,12,587040 km,29,6,5,11192031,7,,29452714,93,17,0,1,600 km
Malaysia,113000,0,15415,11,0,2742 km,35741000 mt,4476000 Cu.M,72,4675 km,4,5100000000,0,8748000000,25,13480276,116229000000,2,0,18264000,35,4,42499000000 Cu.M,75456000000 Cu.M,672000 bbl,582000 bbl,100000,553037,226000000 Cu.M,1189000000000 Cu.M,3600000000 bbl,1212000000000,1851 km,51600,144403 km,36,0,6,2,4,48,329847 km,1750,132,45,16245461,100,67735,34564810,100,196,31,15,7200 km
Mali,40000,0,3717,12,8,7908 km,0 mt,0 Cu.M,0,0 km,0,1110000000,0,4085000000,9,4288168,647800000,0,0,9126000,0,0,0 Cu.M,0 Cu.M,46000 bbl,0 bbl,4800,351850,0 Cu.M,0 Cu.M,0 bbl,71253000000,593 km,0,139107 km,30,0,1,0,0,0,1240192 km,0,44,10,6817088,0,,21990607,30,50,4,8,1800 km
Mauritania,31540,0,5024,4,0,5002 km,0 mt,0 Cu.M,6,754 km,0,270625000,0,3072000000,0,1181555,2039000000,0,0,1210000,2,0,0 Cu.M,0 Cu.M,32000 bbl,0 bbl,5000,82233,0 Cu.M,28317000000 Cu.M,20000000 bbl,33069000000,728 km,66000,12253 km,0,0,2,0,0,51,1030700 km,11,23,4,1687936,6,,4328040,25,75,6,7,1086 km
Mexico,387000,0,23548,32,0,4389 km,15132000 mt,6296000 Cu.M,142,9330 km,3,9100000000,0,306308000000,2,49811912,232035000000,1,0,60959000,35,0,90566000000 Cu.M,31422000000 Cu.M,1741000 bbl,2101000 bbl,120000,2222579,1160000000 Cu.M,180322000000 Cu.M,5786000000 bbl,2883000000000,23389 km,98653,704884 km,0,35,25,0,0,0,1964375 km,674,424,173,61447766,164,,130739927,1580,0,175,40,2900 km
Moldova,6500,0,1598,0,0,1885 km,90000 mt,0 Cu.M,0,0 km,0,114114000,0,2637000000,0,1792565,5848000000,0,0,1358000,0,0,2344000000 Cu.M,10000 Cu.M,22000 bbl,0 bbl,2000,71991,0 Cu.M,0 Cu.M,0 bbl,39342000000,1171 km,2000,9488 km,11,4,0,0,0,0,33851 km,75,3,2,2159717,0,,3599528,10,67,0,1,558 km
Mongolia,35000,0,11040,0,0,8082 km,8941000 mt,68824000 Cu.M,0,0 km,0,1590000000,0,8379000000,0,1552233,5508000000,0,0,1449000,0,0,0 Cu.M,0 Cu.M,39000 bbl,15000 bbl,50000,62352,2520000000 Cu.M,0 Cu.M,0 bbl,59221000000,1815 km,230000,113200 km,130,0,0,0,0,420,1564116 km,318,8,3,1870555,0,,3281676,37,500,2,3,580 km
Montenegro,2350,0,946,0,0,680 km,1658000 mt,1862000 Cu.M,14,294 km,0,204000000,0,3643000000,0,85179,1741000000,0,0,245300,4,0,0 Cu.M,0 Cu.M,9000 bbl,0 bbl,5500,3599,337000000 Cu.M,0 Cu.M,0 bbl,17375000000,250 km,0,7762 km,12,0,0,0,0,0,13812 km,18,10,10,143964,20,,599849,5,12,0,0,0 km
Morocco,400000,0,17594,0,6,2363 km,10304000 mt,0 Cu.M,84,1835 km,1,16100000000,0,42262000000,84,15254135,37134000000,6,0,12475000,12,0,243201000 Cu.M,82595000 Cu.M,296000 bbl,25 bbl,50000,635589,96000000 Cu.M,1444000000 Cu.M,684000 bbl,350594000000,2067 km,250000,57300 km,185,544,4,0,2,1346,715550 km,94,271,73,17946041,100,,37387585,48,188,77,31,0 km
Mozambique,11200,0,3488,2,2,4783 km,13000 mt,10583000 Cu.M,36,2470 km,0,480000000,0,8274000000,8,7770772,3843000000,0,0,15173000,11,0,1347000000 Cu.M,5388000000 Cu.M,42000 bbl,0 bbl,3000,533615,1792000000 Cu.M,2832000000000 Cu.M,0 bbl,51786000000,4787 km,0,30562 km,12,0,0,0,0,60,799380 km,36,23,7,14674420,36,,33350954,92,104,1,5,460 km
Myanmar,228000,0,11576,20,9,6522 km,907000 mt,1031000 Cu.M,146,1930 km,3,2815031361,0,8748000000,70,21975367,8590400000,6,0,22742000,7,2,3788000000 Cu.M,16780000000 Cu.M,122000 bbl,7000 bbl,55000,1035489,252000000 Cu.M,637129000000 Cu.M,139000000 bbl,287559000000,5031 km,19000,157000 km,1520,225,5,3,0,1040,676578 km,101,331,86,30489384,239,89240,57527139,74,1680,120,33,12800 km
Namibia,17567,0,2402,0,2,4220 km,24000 mt,0 Cu.M,15,1572 km,2,450498000,0,9680000000,11,400923,3356000000,0,0,1131000,2,0,0 Cu.M,0 Cu.M,23000 bbl,0 bbl,5000,30840,350000000 Cu.M,62297000000 Cu.M,0 bbl,31154000000,2628 km,0,48875 km,55,0,0,0,0,7,824292 km,15,36,7,616805,15,,2803660,259,50,13,5,0 km
Nepal,98500,0,1108,0,0,3159 km,1091000 mt,9000 Cu.M,0,0 km,0,431355326,0,5719000000,0,11733140,12456000000,0,0,8435000,0,0,0 Cu.M,0 Cu.M,71000 bbl,0 bbl,15000,778060,8000000 Cu.M,0 Cu.M,0 bbl,149643000000,59 km,82000,64500 km,0,0,0,0,0,0,147181 km,0,17,10,15249970,0,,31122387,51,14,0,7,0 km
Netherlands,44245,0,6689,38,16,1053 km,12796000 mt,1761000 Cu.M,76,451 km,0,31791150000,0,5257949730000,0,6486918,79129000000,6,0,10315000,18,3,33243000000 Cu.M,17774000000 Cu.M,840000 bbl,70000 bbl,5000,195496,3247000000 Cu.M,132608000000 Cu.M,137747000 bbl,1276000000000,3055 km,8510,139027 km,4,46,0,3,0,18,41543 km,1187,130,67,7997570,140,147606,17772378,44,0,21,4,6237 km
New Zealand,10050,0,3378,0,0,0 km,2696000 mt,3011000 Cu.M,4,15134 km,0,2455949332,0,230651410000,0,1775457,22065000000,2,0,3124000,22,0,3819000000 Cu.M,3770000000 Cu.M,154000 bbl,12000 bbl,300,61935,6750000000 Cu.M,31149000000 Cu.M,40993000 bbl,257117000000,4128 km,3300,94000 km,0,0,6,0,0,0,268838 km,117,47,21,2219321,8,,5161211,206,31,13,7,0 km
Nicaragua,45000,0,6344,0,0,1253 km,0 mt,0 Cu.M,23,910 km,0,1311600000,0,6753000000,0,2777610,6105000000,0,0,3225000,5,0,0 Cu.M,0 Cu.M,28000 bbl,200 bbl,5500,146893,0 Cu.M,0 Cu.M,0 bbl,52989000000,0 km,0,24033 km,151,0,0,0,0,186,130370 km,5,17,12,3271705,23,,6676948,39,347,1,5,2220 km
Niger,25000,0,1550,2,2,5834 km,426000 mt,427000 Cu.M,0,0 km,0,488400000,0,3793000000,0,5294900,1442772000,0,0,10486000,0,0,29858000 Cu.M,29509000 Cu.M,18000 bbl,13000 bbl,5000,447827,90000000 Cu.M,0 Cu.M,150000000 bbl,47921000000,0 km,0,18949 km,0,0,2,0,0,0,1267000 km,0,26,13,7902835,0,,26342784,26,0,0,7,300 km
Nigeria,230000,0,12219,24,15,4477 km,1326000 mt,1322000 Cu.M,132,853 km,0,3900000000,0,45009000000,14,90437404,38612000000,1,0,113350000,28,2,20719000000 Cu.M,39951000000 Cu.M,527000 bbl,1541000 bbl,50000,4261448,2144000000 Cu.M,5761000000000 Cu.M,36890000000 bbl,1318000000000,3798 km,0,195000 km,37,40,12,0,0,330,923768 km,928,159,69,125475979,152,38052,236747130,50,339,28,12,8600 km
North Korea,1320000,0,47792,114,20,1607 km,22105000 mt,21927000 Cu.M,227,2495 km,8,4750000000,2,6050000000,341,5312331,5500000000,2,0,17637000,10,1,0 Cu.M,0 Cu.M,18000 bbl,0 bbl,100000,420779,10600000000 Cu.M,0 Cu.M,0 bbl,15416000000,7435 km,560000,25554 km,1500,1300,0,24,0,4895,120538 km,264,837,205,9467520,332,143304,26298666,81,700,176,1,2250 km
North Macedonia,10010,0,1878,0,4,838 km,5344000 mt,4000000 Cu.M,0,0 km,0,421527100,0,5637000000,0,783773,5252000000,0,0,779200,0,0,274928000 Cu.M,0 Cu.M,24000 bbl,0 bbl,3500,27763,332000000 Cu.M,0 Cu.M,0 bbl,43844000000,699 km,60000,15170 km,18,0,0,0,0,0,25713 km,0,20,10,948216,0,,2135622,13,156,10,0,0 km
Norway,33440,0,11441,43,0,2566 km,1096000 mt,120000 Cu.M,20,25148 km,6,11189483200,0,787758400000,0,1807192,81242000000,4,0,3042000,141,5,4548000000 Cu.M,123727000000 Cu.M,229000 bbl,2020000 bbl,40500,71627,2000000 Cu.M,1544455000000 Cu.M,8122200000 bbl,507680000000,3848 km,20100,95120 km,0,28,5,6,0,36,323802 km,1720,109,34,2203893,48,66022,5509733,146,0,23,4,1577 km
Oman,100000,0,11380,10,0,1561 km,82000 mt,0 Cu.M,8,2092 km,5,8364000000,0,55986700000,29,1291559,18287000000,0,0,2696000,7,0,27364000000 Cu.M,40754000000 Cu.M,218000 bbl,1056000 bbl,10000,50726,0 Cu.M,651287000000 Cu.M,5375000000 bbl,193591000000,0 km,0,60230 km,0,24,4,0,0,264,309500 km,57,128,31,1482757,17,22490,3901992,37,144,45,9,0 km
Pakistan,660000,0,59044,90,55,7257 km,30191000 mt,13765000 Cu.M,79,1046 km,6,9102115350,0,89148000000,331,85803614,18408000000,9,0,83644000,3,3,46448000000 Cu.M,36937000000 Cu.M,645000 bbl,91000 bbl,500000,4794908,2857000000 Cu.M,592219000000 Cu.M,540000000 bbl,1390000000000,11881 km,550000,264175 km,652,662,27,8,4,2677,796095 km,60,1397,379,108516336,120,115187,252363571,117,2629,563,63,0 km
Panama,16300,0,1550,0,0,687 km,863000 mt,0 Cu.M,14,2490 km,0,1069750000,0,1227085530000,0,1206965,6856000000,0,0,2206000,12,0,389611000 Cu.M,0 Cu.M,131000 bbl,0 bbl,80000,53643,0 Cu.M,0 Cu.M,0 bbl,164484000000,77 km,0,11978 km,0,0,2,0,0,0,75420 km,8174,38,23,2011608,22,,4470241,77,0,0,13,800 km
Paraguay,15650,0,2876,4,0,4655 km,700 mt,0 Cu.M,64,0 km,0,416800000,0,13783000000,0,3001497,9886000000,0,0,3502000,1,0,0 Cu.M,0 Cu.M,52000 bbl,2000 bbl,14800,150451,0 Cu.M,0 Cu.M,0 bbl,112919000000,30 km,168500,78811 km,0,6,1,0,0,10,406752 km,108,49,18,3535598,73,,7522549,83,50,14,12,3100 km
Peru,120000,0,9168,22,16,7062 km,973000 mt,1382000 Cu.M,13,2414 km,8,2552000000,0,38102000000,15,12681497,79246000000,7,0,18918000,20,0,7185000000 Cu.M,12270000000 Cu.M,255000 bbl,118000 bbl,60000,619405,1567000000 Cu.M,300159000000 Cu.M,858890000 bbl,535911000000,1855 km,386000,70000 km,61,12,12,6,0,355,1285216 km,111,252,112,15648120,78,171629,32600249,174,290,68,39,8808 km
Philippines,160000,0,20551,17,6,0 km,42859000 mt,14457000 Cu.M,60,36289 km,1,6571641011,0,63241000000,0,41751803,106195000000,4,0,50979000,70,0,2251000000 Cu.M,2251000000 Cu.M,457000 bbl,10000 bbl,35000,2128987,361000000 Cu.M,98543000000 Cu.M,138500000 bbl,1202000000000,77 km,1500000,216387 km,0,12,11,0,0,18,300000 km,2203,204,130,50859137,127,84578,118277063,256,296,23,23,3219 km
Poland,250000,0,57972,12,29,2845 km,99932000 mt,96720000 Cu.M,3,440 km,2,55865141600,0,425641700000,58,15576017,223115000000,2,0,18245000,10,29,20056000000 Cu.M,5551000000 Cu.M,743000 bbl,24000 bbl,50000,464956,27758000000 Cu.M,91492000000 Cu.M,113000000 bbl,1649000000000,19461 km,350000,427580 km,298,593,11,1,0,798,312685 km,152,457,224,18985692,63,55530,38746310,318,0,112,44,3997 km
Portugal,25000,0,10419,5,0,1224 km,0 mt,0 Cu.M,71,1793 km,2,6760000000,0,530000000000,28,4096295,55160000000,5,0,5332100,36,0,3700000000 Cu.M,0 Cu.M,200000 bbl,12932 bbl,23300,127677,40000000 Cu.M,72000000000 Cu.M,22440000 bbl,556942000000,3622 km,23500,136635 km,0,23,16,2,4,34,92090 km,1158,128,36,5319863,128,42755,10639726,136,54,23,20,764 km
Qatar,26550,0,5576,6,24,87 km,0 mt,0 Cu.M,107,563 km,4,11950000000,0,205700000000,115,490001,53987000000,0,0,2123000,6,0,41515000000 Cu.M,169595000000 Cu.M,268000 bbl,1818000 bbl,5500,12760,0 Cu.M,23861000000000 Cu.M,25244000 bbl,317064000000,0 km,4000,7039 km,16,46,0,0,0,62,11586 km,123,263,85,638022,125,,2552088,8,12,45,12,0 km
Republic of the Congo,10000,0,804,0,1,5008 km,0 mt,0 Cu.M,0,169 km,0,933360000,0,6360000000,2,1353682,715391000,0,0,2563000,5,0,423000000 Cu.M,423000000 Cu.M,13000 bbl,267000 bbl,2500,115856,0 Cu.M,283990000000 Cu.M,2885000000 bbl,39147000000,510 km,0,23324 km,30,3,0,0,0,61,342000 km,11,14,8,2256136,4,,6097665,56,38,0,4,1120 km
Romania,90000,0,13266,0,0,2844 km,15533000 mt,14752000 Cu.M,0,225 km,7,10230630000,0,145200000000,29,7731114,73391000000,3,0,8263000,11,7,10055000000 Cu.M,9501000000 Cu.M,220000 bbl,67000 bbl,15000,199630,291000000 Cu.M,105480000000 Cu.M,600000000 bbl,774376000000,10628 km,55000,85387 km,243,0,2,0,0,451,238391 km,127,148,66,9437041,18,,18148155,103,720,44,13,1731 km
Russia,1320000,1,126512,698,556,22407 km,290763000 mt,531130000 Cu.M,70,37653 km,79,212638272000,13,226475750000,861,46189226,597217000000,12,0,72517000,67,45,472239000000 Cu.M,617830000000 Cu.M,3863000 bbl,10879000 bbl,250000,1267387,162166000000 Cu.M,47805000000000 Cu.M,80000000000 bbl,6089000000000,85494 km,2000000,1283387 km,2486,3603,137,66,18,5630,17098242 km,2910,4237,1643,69002197,747,1426539,140820810,905,5920,530,458,102000 km
Saudi Arabia,247000,0,22370,81,34,4272 km,66000 mt,0 Cu.M,9,2640 km,9,63988055520,0,248171000000,283,17468238,463870000000,7,0,17168000,16,3,121870000000 Cu.M,121870000000 Cu.M,3524000 bbl,11174000 bbl,150000,621255,0 Cu.M,9423000000000 Cu.M,258600000000 bbl,2213000000000,5410 km,0,221372 km,327,380,16,0,22,1085,2149690 km,433,917,264,19003104,32,49727,36544431,90,557,202,49,0 km
Senegal,17000,0,1860,0,5,2684 km,138000 mt,0 Cu.M,4,531 km,0,777800000,0,14985000000,0,4089912,889295000,0,0,5763000,6,0,54498000 Cu.M,54646000 Cu.M,65000 bbl,9000 bbl,0,395798,0 Cu.M,0 Cu.M,0 bbl,83183000000,906 km,0,16665 km,6,0,1,0,0,0,196722 km,36,39,19,7162057,4,,18847519,20,20,22,5,1000 km
Serbia,22500,0,7190,17,4,2322 km,37828000 mt,33219000 Cu.M,18,0 km,0,2770000000,0,21726000000,11,2574406,30484000000,0,0,3230000,0,4,2939000000 Cu.M,353376000 Cu.M,88000 bbl,13000 bbl,600000,79827,7112000000 Cu.M,48139000000 Cu.M,77500000 bbl,177093000000,3333 km,2000,45022 km,73,96,0,0,0,242,77474 km,0,115,51,3259584,30,,6652212,46,150,33,3,587 km
Sierra Leone,13000,0,350,0,0,1093 km,0 mt,0 Cu.M,10,402 km,0,450000000,0,1451000000,0,1203978,495699000,0,0,2863000,3,0,0 Cu.M,0 Cu.M,9000 bbl,0 bbl,0,45605,0 Cu.M,0 Cu.M,0 bbl,26728000000,0 km,0,11701 km,0,0,0,0,0,0,71740 km,584,1,1,2006631,10,,9121049,8,0,0,0,800 km
Singapore,51000,0,17244,0,20,0 km,1153000 mt,0 Cu.M,55,193 km,6,18000000000,0,1884751660000,100,2628408,383946000000,6,0,3722000,5,4,13724000000 Cu.M,0 Cu.M,1514000 bbl,0 bbl,12000,66313,0 Cu.M,0 Cu.M,0 bbl,800304000000,0 km,252500,3500 km,24,48,9,6,11,170,719 km,3202,235,75,3918498,101,93244,6028459,9,89,36,9,0 km
Slovakia,20982,0,6636,0,0,1587 km,6066000 mt,2315000 Cu.M,0,0 km,0,2900000000,0,140360000000,7,2353424,14452000000,0,0,2779000,0,0,60424000 Cu.M,52556000 Cu.M,90000 bbl,7000 bbl,0,61200,19000000 Cu.M,14158000000 Cu.M,9000000 bbl,218762000000,3627 km,0,45106 km,25,35,1,0,0,45,49035 km,0,48,22,2837461,0,,5563649,116,9,11,7,172 km
Slovenia,7000,0,4636,0,0,1211 km,2309000 mt,2440000 Cu.M,3,47 km,0,1782000000,0,60500000000,0,826570,2832000000,0,0,1058000,2,0,840902000 Cu.M,3863000 Cu.M,44000 bbl,4 bbl,5000,22867,95000000 Cu.M,0 Cu.M,0 bbl,103118000000,1207 km,26000,38125 km,0,17,0,0,0,54,20273 km,8,40,16,1006989,3,,2097893,42,18,23,5,710 km
Somalia,30000,0,1104,0,0,2385 km,0 mt,0 Cu.M,19,3025 km,0,870000000,0,2563000000,0,1796384,16747500,0,0,3439000,6,0,0 Cu.M,0 Cu.M,6000 bbl,0 bbl,2000,130173,0 Cu.M,5663000000 Cu.M,0 bbl,26770000000,0 km,0,15000 km,0,0,0,0,0,0,637657 km,4,6,6,2993973,19,,13017273,40,0,0,0,0 km
South Africa,68731,0,23024,0,10,5244 km,176095000 mt,239712000 Cu.M,42,2798 km,0,2877000000,0,93879000000,2,14989776,65435000000,4,0,27766000,8,4,4487000000 Cu.M,59128000 Cu.M,609000 bbl,88000 bbl,50000,1027525,9893000000 Cu.M,0 Cu.M,15000000 bbl,870420000000,30400 km,29350,750000 km,201,52,0,3,0,248,1219090 km,110,181,87,27803618,63,43881,60442647,573,434,81,11,0 km
South Korea,450000,0,117460,98,113,237 km,136817000 mt,16081000 Cu.M,96,2413 km,3,44800000000,14,553871450000,242,21353538,418219000000,18,2,29713000,15,14,59480000000 Cu.M,55127000 Cu.M,2542000 bbl,38000 bbl,120000,416654,326000000 Cu.M,7079000000 Cu.M,0 bbl,2607000000000,3979 km,3100000,100428 km,525,2780,35,22,4,1831,99720 km,2149,1540,827,26040900,215,427946,52081799,92,5800,335,40,1600 km
South Sudan,185000,0,2550,0,6,6018 km,0 mt,0 Cu.M,0,0 km,0,30700000,0,2722500000,0,4065188,128248000,0,0,5091000,0,0,0 Cu.M,0 Cu.M,11000 bbl,146000 bbl,0,330297,0 Cu.M,0 Cu.M,3750000000 bbl,6752000000,248 km,0,90200 km,15,24,0,0,0,122,644329 km,0,19,15,6351857,0,,12703714,89,0,0,4,0 km
Spain,121802,1,49324,12,17,1953 km,7388000 mt,1280000 Cu.M,112,4964 km,0,39000676350,0,2830012130000,136,17635602,107774000000,11,0,24386000,52,6,32833000000 Cu.M,41009000 Cu.M,1325000 bbl,47000 bbl,78470,330963,1187000000 Cu.M,2549000000 Cu.M,150000000 bbl,2361000000000,15489 km,24033,150110 km,0,96,8,2,0,298,505370 km,503,440,169,21748999,175,249889,47280433,365,188,108,51,1000 km
Sri Lanka,346000,0,15021,0,8,0 km,2323000 mt,0 Cu.M,259,1340 km,0,1500000000,0,42198000000,6,8551235,6094000000,5,0,8499000,6,0,0 Cu.M,0 Cu.M,100000 bbl,0 bbl,0,307757,0 Cu.M,0 Cu.M,0 bbl,301407000000,1562 km,90000,114093 km,28,0,3,0,0,87,65610 km,96,90,49,10551652,275,32636,21982608,18,96,7,15,160 km
Sudan,300000,0,8890,36,35,6819 km,0 mt,0 Cu.M,10,853 km,0,394700000,0,21650000000,37,17108407,192348850,0,0,10949000,4,0,0 Cu.M,0 Cu.M,129000 bbl,68000 bbl,17500,1312149,0 Cu.M,84951000000 Cu.M,1250000000 bbl,94420000000,7251 km,200000,31000 km,800,100,0,0,0,1055,1861484 km,14,183,64,26747657,10,,50467278,45,1150,33,13,4068 km
Suriname,2500,0,1250,0,0,1907 km,0 mt,0 Cu.M,17,386 km,0,58440000,0,2645000000,0,84079,1632000000,0,0,255500,4,0,6967000 Cu.M,7109000 Cu.M,17000 bbl,14000 bbl,200,3234,0 Cu.M,0 Cu.M,89000000 bbl,12316000000,0 km,0,4304 km,0,0,0,0,0,0,163820 km,13,3,3,142287,17,,646758,55,0,0,0,1200 km
Sweden,25600,0,27576,0,0,2211 km,3170000 mt,1042000 Cu.M,116,3218 km,7,15900000000,0,1102693570000,73,3558185,62569000000,0,0,5699000,92,8,889924000 Cu.M,0 Cu.M,270000 bbl,11000 bbl,104400,105898,5000000 Cu.M,0 Cu.M,0 bbl,668628000000,10910 km,34000,197964 km,0,24,3,4,1,110,450295 km,361,172,53,4235934,279,39816,10589835,206,0,36,6,2052 km
Switzerland,147178,0,6885,0,0,1770 km,126000 mt,0 Cu.M,0,0 km,0,8372658426,0,2420000000000,40,3163225,909366000000,0,0,5153000,0,0,3138000000 Cu.M,0 Cu.M,194000 bbl,300 bbl,5000,97466,0 Cu.M,0 Cu.M,0 bbl,741035000000,5296 km,0,83131 km,0,133,3,0,0,134,41277 km,17,141,39,3898653,0,,8860574,66,0,43,16,1292 km
Syria,100000,0,18736,5,7,2363 km,15000 mt,0 Cu.M,8,193 km,0,145925000,0,4441250000,52,13245310,307766250,0,0,6617000,3,0,3084000000 Cu.M,3085000000 Cu.M,102000 bbl,65000 bbl,50000,668232,0 Cu.M,240693000000 Cu.M,2500000000 bbl,98858000000,2052 km,0,69873 km,0,60,0,0,0,168,187437 km,24,104,39,15273871,12,,23865423,42,0,8,2,900 km
Taiwan,230000,0,24067,0,91,0 km,64609000 mt,5212000 Cu.M,36,1566 km,7,31180000000,4,229900000000,258,1061787,541898500000,21,0,11842940,8,10,21157000000 Cu.M,63747000 Cu.M,954000 bbl,800 bbl,55000,306739,1000000 Cu.M,6230000000 Cu.M,2380000 bbl,1743000000000,1613 km,1657000,43206 km,223,488,18,4,0,1090,35980 km,465,720,239,12269542,91,244050,23595274,57,1360,215,19,0 km
Tajikistan,150000,0,6782,0,6,4130 km,2297000 mt,2394000 Cu.M,0,0 km,0,450460000,0,3024000000,0,3773045,3026450000,0,0,2780000,0,0,85567000 Cu.M,18476000 Cu.M,31000 bbl,300 bbl,20000,176699,4075000000 Cu.M,5663000000 Cu.M,12000000 bbl,50370000000,680 km,600000,30000 km,24,3,0,0,0,38,144100 km,0,25,20,4781269,0,,10394063,19,13,4,1,200 km
Tanzania,25000,0,8408,0,0,4161 km,740000 mt,2341000 Cu.M,10,1424 km,0,1476113361,0,17513000000,11,6678750,5371525000,0,0,32983000,8,0,1808000000 Cu.M,1808000000 Cu.M,85000 bbl,0 bbl,6500,607159,1410000000 Cu.M,6513000000 Cu.M,0 bbl,246706000000,4097 km,0,145203 km,70,0,0,0,0,200,947300 km,381,38,15,12143182,12,,67462121,206,205,6,6,0 km
Thailand,360850,0,52590,26,7,5673 km,42371000 mt,12812000 Cu.M,254,3219 km,5,6006660000,0,37065000000,73,27968399,236934000000,7,1,40623000,21,5,48898000000 Cu.M,30797000000 Cu.M,1397000 bbl,386000 bbl,25000,1118736,1063000000 Cu.M,138243000000 Cu.M,252750000 bbl,1558000000000,4127 km,200000,180053 km,17,59,25,0,0,744,513120 km,884,496,258,36358919,304,133523,69920998,105,595,134,52,4000 km
Tunisia,89800,0,13927,0,0,1495 km,2000 mt,0 Cu.M,30,1148 km,1,2172751250,0,21212000000,10,5181004,9344000000,1,0,4247000,16,0,5153000000 Cu.M,1323000000 Cu.M,104000 bbl,35000 bbl,12000,204830,0 Cu.M,65129000000 Cu.M,425000000 bbl,156086000000,2173 km,0,32332 km,0,0,4,0,0,145,163610 km,72,155,101,6024424,37,,12048847,14,105,28,12,0 km
Turkiye,481000,0,98193,0,111,2816 km,124183000 mt,82534000 Cu.M,40,7200 km,9,51400000000,0,149654000000,201,36087279,154744000000,17,1,36081000,54,11,52887000000 Cu.M,379701000 Cu.M,1107000 bbl,83000 bbl,150000,1430032,10975000000 Cu.M,3794000000 Cu.M,366000000 bbl,3018000000000,11497 km,380000,68526 km,237,1045,27,14,7,2284,783562 km,1170,1101,509,42985080,192,349739,84119531,116,635,301,84,1200 km
Turkmenistan,36500,0,11588,27,10,4158 km,0 mt,0 Cu.M,16,1768 km,0,1463000000,0,3696000000,22,2245963,21073860000,0,0,2445000,0,0,41561000000 Cu.M,86472000000 Cu.M,152000 bbl,272000 bbl,3500,109139,799999000 Cu.M,11327000000000 Cu.M,600000000 bbl,134555000000,5113 km,0,58592 km,164,73,0,0,0,654,488100 km,73,91,26,2768681,16,,5744151,23,457,11,5,1300 km
Uganda,45000,0,9702,0,6,2729 km,0 mt,19 Cu.M,0,0 km,0,1510000000,0,10469000000,6,9905891,3432750000,0,0,22829000,0,0,0 Cu.M,0 Cu.M,44000 bbl,0 bbl,10000,985661,799999000 Cu.M,14158000000 Cu.M,2500000000 bbl,144137000000,1244 km,0,20544 km,12,6,0,0,0,259,241038 km,0,51,30,16756234,0,,49283041,39,26,12,3,0 km
Ukraine,900000,0,45458,30,39,5581 km,25012000 mt,19603000 Cu.M,133,2782 km,0,45000000000,0,90003000000,88,12731272,43781000000,0,0,20539000,26,5,22856000000 Cu.M,18725000000 Cu.M,192000 bbl,3000 bbl,100000,392280,34375000000 Cu.M,1104000000000 Cu.M,395000000 bbl,577583000000,21733 km,4000000,169694 km,288,682,5,0,0,1121,603550 km,410,347,140,18187531,169,22266,35661826,152,625,72,22,1672 km
United Arab Emirates,65000,0,8982,40,30,1066 km,5411000 mt,0 Cu.M,34,1318 km,11,23480000000,0,290400000000,99,4945881,237931000000,0,0,7090000,20,2,66091000000 Cu.M,56683000000 Cu.M,846000 bbl,4146000 bbl,12000,80258,0 Cu.M,6091000000 Cu.M,97800000000 bbl,745994000000,0 km,130000,4080 km,49,165,27,0,5,354,83600 km,655,581,250,5818684,84,20210,10032213,42,99,151,35,0 km
United Kingdom,141330,2,94064,38,50,499 km,7372000 mt,1568000 Cu.M,26,12429 km,0,88526529585,6,10553123900000,103,25192932,174598000000,7,0,35359000,185,8,70141000000 Cu.M,37758000000 Cu.M,1406000 bbl,753000 bbl,0,753050,26000000 Cu.M,180661000000 Cu.M,2500000000 bbl,3636000000000,16390 km,31940,416461 km,43,14,29,10,9,288,243610 km,868,625,262,31491165,116,406308,68459055,1057,126,201,30,3200 km
United States,1333030,11,409660,926,1024,12002 km,495156000 mt,534234000 Cu.M,0,19924 km,27,831500000000,83,24538900710000,1791,124816644,910037000000,0,9,174174000,666,4,914301000000 Cu.M,1029000000000 Cu.M,20307000 bbl,20953000 bbl,0,4445524,247883000000 Cu.M,13402000000000 Cu.M,38212000000 bbl,25676000000000,293564 km,799500,6586610 km,1731,1521,611,66,610,4666,9833517 km,3533,13032,5913,150463900,465,8265799,341963408,16116,1878,2610,917,41009 km
Uruguay,24000,0,5968,6,0,1591 km,8000 mt,0 Cu.M,5,660 km,0,1903440000,0,54450000000,0,1322177,17378000000,0,0,1768000,8,2,86037000 Cu.M,0 Cu.M,50000 bbl,400 bbl,5000,54805,0 Cu.M,0 Cu.M,0 bbl,108502000000,1673 km,0,77732 km,4,16,5,0,2,62,176215 km,58,43,12,1575652,16,,3425330,65,83,12,6,1600 km
Uzbekistan,120000,0,8692,13,34,6893 km,8941000 mt,6379000 Cu.M,0,420 km,0,6210000000,0,25714000000,26,15959499,41237000000,0,0,13974000,0,0,43227000000 Cu.M,47500000000 Cu.M,111000 bbl,64000 bbl,20000,730412,1375000000 Cu.M,1841000000000 Cu.M,594000000 bbl,379989000000,4642 km,0,225500 km,108,177,0,0,0,470,447400 km,0,159,101,18990708,0,,36520593,74,236,7,12,1100 km
Venezuela,109000,0,15168,0,10,5267 km,80000 mt,149000 Cu.M,26,2800 km,0,6060000000,0,121363000000,30,12812625,9944750000,1,0,11136000,31,0,17696000000 Cu.M,17696000000 Cu.M,203000 bbl,801000 bbl,220000,625006,730999000 Cu.M,5674000000000 Cu.M,303806000000 bbl,110943000000,447 km,8000,96189 km,56,60,3,3,1,282,912050 km,272,224,85,15625153,41,,31250306,509,92,75,47,7100 km
Vietnam,450000,0,69914,0,0,4616 km,96099000 mt,51519000 Cu.M,27,3444 km,17,10200000000,0,34426000000,61,45053323,83082000000,9,0,57133000,16,8,7676000000 Cu.M,7676000000 Cu.M,544000 bbl,187000 bbl,250000,1797903,3116000000 Cu.M,699426000000 Cu.M,4400000000 bbl,1456000000000,2600 km,5000000,195468 km,774,30,3,6,0,1999,331210 km,1973,265,101,54994667,116,102147,105758975,36,3250,91,6,47130 km
Yemen,33350,0,1550,0,14,1601 km,27000 mt,0 Cu.M,9,1906 km,1,405187500,0,6492000000,68,9031464,831025575,0,0,7848000,10,0,189432000 Cu.M,189432000 Cu.M,58000 bbl,15000 bbl,20000,610668,0 Cu.M,478555000000 Cu.M,3000000000 bbl,18719000000,0 km,0,71300 km,30,12,0,0,0,0,527968 km,30,160,59,12213368,26,,32140443,37,60,30,3,0 km
Zambia,15150,0,848,0,0,6043 km,2081000 mt,2091000 Cu.M,0,0 km,0,385321000,0,16597000000,0,4139024,3017000000,0,0,7407000,0,0,0 Cu.M,0 Cu.M,34000 bbl,0 bbl,1200,374384,945000000 Cu.M,0 Cu.M,0 bbl,79207000000,3126 km,0,67671 km,50,12,0,0,0,75,752618 km,2,78,33,7279691,0,,20799116,120,60,34,13,0 km
Zimbabwe,29000,0,1248,9,6,3229 km,6705000 mt,7968000 Cu.M,0,0 km,0,1976800000,0,6671000000,9,3721626,484973000,0,0,6386000,0,0,0 Cu.M,0 Cu.M,34000 bbl,800 bbl,21800,360157,502000000 Cu.M,0 Cu.M,0 bbl,57391000000,3427 km,0,97267 km,0,0,0,0,0,60,390757 km,0,80,28,6517134,0,,17150352,144,0,20,14,0 km
