country,power_index_rank,active_personnel,tanks,total_aircraft,fighter_aircraft,total_naval_assets,defense_budget_usd,gdp_usd,assets_per_capita,budget_to_gdp_ratio,rank_gap,region,continent,alliance_flag
Afghanistan,121,75000,0,5,0,0,145000000,82238000000,0.0001,0.0018,120,South Asia,Asia,None
Albania,77,7500,0,20,0,33,720037190,51360000000,0.0071,0.014,76,Southern Europe,Europe,NATO
Algeria,27,130000,1485,620,111,111,25000000000,7.23E+11,0.017,0.0346,26,North Africa,Africa,None
Angola,59,107000,319,278,67,32,31200000000,2.78E+11,0.0059,0.1121,58,Central Africa,Africa,None
Argentina,32,108000,362,241,23,42,993919790,1.21E+12,0.006,0.0008,31,South America,Americas,None
Armenia,101,65000,109,69,4,0,1480000000,60909000000,0.0027,0.0243,100,Central Asia,Asia,CSTO
Australia,17,58910,46,348,24,45,57350000000,1.64E+12,0.0075,0.0351,16,Oceania,Oceania,None
Austria,67,25000,56,90,15,0,6103900800,5.81E+11,0.0058,0.0105,66,Western Europe,Europe,None
Azerbaijan,60,128000,1354,159,12,32,5100000000,2.25E+11,0.0121,0.0226,59,Central Asia,Asia,None
Bahrain,75,18400,150,137,28,64,997015509,93937000000,0.0191,0.0106,74,Middle East,Asia,None
Bangladesh,37,204000,320,212,41,121,3340000000,1.47E+12,0.0032,0.0023,36,South Asia,Asia,None
Belarus,70,63000,577,194,43,0,1034784000,2.65E+11,0.0122,0.0039,69,Eastern Europe,Europe,CSTO
Belgium,61,26390,0,104,44,9,14900000000,7.49E+11,0.0043,0.0199,60,Western Europe,Europe,NATO
Belize,144,2000,0,3,0,15,34400000,5538000000,0.009,0.0062,143,Central America,Americas,None
Benin,138,4750,0,7,0,2,137690000,56424000000,0.0019,0.0024,137,West Africa,Africa,None
Bhutan,145,16000,0,2,0,0,26600000,11517000000,0.0001,0.0023,144,South Asia,Asia,None
Bolivia,82,40000,54,67,0,67,467670000,1.22E+11,0.0047,0.0038,81,South America,Americas,None
Bosnia and Herzegovina,133,18000,45,15,0,0,289920000,64641000000,0.0033,0.0045,132,Southern Europe,Europe,None
Botswana,130,12000,45,45,10,0,581000000,45553000000,0.0075,0.0128,129,Southern Africa,Africa,None
Brazil,11,376000,294,495,44,69,26400000000,4.17E+12,0.0023,0.0063,10,South America,Americas,None
Bulgaria,62,36950,334,71,11,45,2485350000,2.20E+11,0.0122,0.0113,61,Eastern Europe,Europe,NATO
Burkina Faso,127,7500,0,26,0,0,4590000000,60001000000,0.0035,0.0765,126,West Africa,Africa,None
Cambodia,83,124300,520,24,0,20,750000000,1.24E+11,0.0045,0.0061,82,Southeast Asia,Asia,None
Cameroon,99,38000,0,35,0,19,835694942,1.43E+11,0.0014,0.0058,98,Central Africa,Africa,None
Canada,28,63500,74,354,66,67,45824959620,2.34E+12,0.0078,0.0196,27,North America,Americas,NATO
Central African Republic,143,30000,0,8,0,0,300000000,5926000000,0.0003,0.0506,142,Central Africa,Africa,None
Chad,85,37750,90,40,0,0,706800000,52895000000,0.0034,0.0134,84,Central Africa,Africa,None
Chile,49,80000,386,274,45,130,6800000000,5.97E+11,0.0099,0.0114,48,South America,Americas,None
China,3,2035000,5870,3529,1443,841,3.03E+11,3.36E+13,0.005,0.009,2,East Asia,Asia,None
Colombia,43,429000,0,430,16,213,15800000000,9.78E+11,0.0015,0.0162,42,South America,Americas,None
Croatia,73,14325,55,67,12,30,2744000000,1.65E+11,0.0106,0.0166,72,Southern Europe,Europe,NATO
Cuba,65,50000,194,20,11,19,3301500000,81165000000,0.0047,0.0407,64,Caribbean,Americas,None
Czechia,55,30334,20,103,12,0,9174000000,5.22E+11,0.0041,0.0176,54,Eastern Europe,Europe,NATO
Democratic Republic of the Congo,64,166580,212,56,0,16,960000000,1.64E+11,0.0017,0.0058,63,Central Africa,Africa,None
Denmark,45,21000,44,122,26,50,14250000000,4.41E+11,0.0103,0.0323,44,Northern Europe,Europe,NATO
Dominican Republic,115,89000,6,80,0,34,903000000,2.77E+11,0.0013,0.0033,114,Caribbean,Americas,None
Ecuador,72,41250,202,99,0,30,2963400000,2.53E+11,0.008,0.0117,71,South America,Americas,None
Egypt,19,438500,3620,1088,242,149,5193500000,1.96E+12,0.0111,0.0027,18,North Africa,Africa,None
El Salvador,129,25000,0,51,0,13,1037200000,73961000000,0.0026,0.014,128,Central America,Americas,None
Eritrea,119,350000,148,20,1,23,219000000,2534000000,0.0005,0.0864,118,East Africa,Africa,None
Estonia,106,7700,0,2,0,8,2375000000,57001000000,0.0013,0.0417,105,Northern Europe,Europe,NATO
Ethiopia,47,503000,338,104,25,0,3720968976,3.81E+11,0.0009,0.0098,46,East Africa,Africa,None
Finland,48,24000,200,162,53,165,8890000000,3.14E+11,0.022,0.0283,47,Northern Europe,Europe,NATO
France,6,264000,427,974,223,166,67232395000,3.73E+12,0.0059,0.018,5,Western Europe,Europe,NATO
Gabon,132,5000,0,25,6,5,340950000,48045000000,0.006,0.0071,131,Central Africa,Africa,None
Georgia,95,37000,132,61,0,19,680000000,91849000000,0.0057,0.0074,94,Central Asia,Asia,None
Germany,12,184324,296,569,127,96,1.27E+11,5.25E+12,0.0052,0.0243,11,Western Europe,Europe,NATO
Ghana,112,15500,0,18,0,20,954423756,2.43E+11,0.0025,0.0039,111,West Africa,Africa,None
Greece,30,142700,1344,560,178,186,8242150000,1.92E+11,0.0146,0.0429,29,Southern Europe,Europe,NATO
Guatemala,96,106114,0,35,0,25,616000000,2.33E+11,0.0006,0.0026,95,Central America,Americas,None
Honduras,103,52225,22,45,6,98,612300000,71297000000,0.0032,0.0086,102,Central America,Americas,None
Hungary,57,41600,220,80,12,0,5887250000,3.89E+11,0.0072,0.0151,56,Eastern Europe,Europe,NATO
Iceland,134,0,0,0,0,0,500000000,26561000000,,0.0188,133,Northern Europe,Europe,NATO
India,4,1431000,3913,2183,476,343,1.09E+11,1.42E+13,0.0045,0.0077,3,South Asia,Asia,None
Indonesia,13,404500,331,460,41,338,11155297716,4.10E+12,0.0028,0.0027,12,Southeast Asia,Asia,None
Iran,16,610000,2675,551,188,109,9230000000,1.49E+12,0.0055,0.0062,15,Middle East,Asia,None
Iraq,44,193000,1188,360,26,67,8000000000,5.86E+11,0.0084,0.0137,43,Middle East,Asia,None
Ireland,94,7557,0,23,0,8,1754400500,6.21E+11,0.0041,0.0028,93,Western Europe,Europe,None
Israel,15,169500,1300,597,239,82,34600000000,4.72E+11,0.0117,0.0733,14,Middle East,Asia,None
Italy,10,165500,203,714,88,285,37325165000,3.13E+12,0.0073,0.0119,9,Southern Europe,Europe,NATO
Ivory Coast,108,22000,0,22,0,8,18200000,2.15E+11,0.0014,0.0001,107,West Africa,Africa,None
Japan,7,251500,734,1429,217,158,58000000000,5.72E+12,0.0092,0.0101,6,East Asia,Asia,None
Jordan,74,114500,1508,279,44,27,2668500000,1.10E+11,0.0158,0.0243,73,Middle East,Asia,None
Kazakhstan,58,110000,353,168,37,26,5836386000,7.39E+11,0.005,0.0079,57,Central Asia,Asia,CSTO
Kenya,84,50000,188,154,17,27,1651803025,3.29E+11,0.0074,0.005,83,East Africa,Africa,None
Kosovo,139,4000,0,0,0,0,1177450000,25019000000,0,0.0471,138,Southern Europe,Europe,None
Kuwait,76,78000,367,133,47,123,7987000000,2.26E+11,0.008,0.0353,75,Middle East,Asia,None
Kyrgyzstan,109,23000,215,7,0,0,654000000,50907000000,0.0097,0.0128,108,Central Asia,Asia,CSTO
Laos,125,100000,160,29,0,51,355600000,66905000000,0.0024,0.0053,124,Southeast Asia,Asia,None
Latvia,102,17870,0,3,0,18,42000000,72516000000,0.0012,0.0006,101,Northern Europe,Europe,NATO
Lebanon,118,80000,334,80,0,48,800000000,65415000000,0.0058,0.0122,117,Middle East,Asia,None
Liberia,141,2100,0,0,0,6,20700000,9308000000,0.0029,0.0022,140,West Africa,Africa,None
Libya,80,32000,55,83,10,5,1474800000,90609000000,0.0045,0.0163,79,North Africa,Africa,None
Lithuania,88,23000,0,9,0,13,5651760000,1.36E+11,0.001,0.0415,87,Northern Europe,Europe,NATO
Luxembourg,110,1200,0,1,0,0,1530685000,86871000000,0.0008,0.0176,109,Western Europe,Europe,NATO
Madagascar,131,13500,12,6,0,7,147630000,52968000000,0.0019,0.0028,130,East Africa,Africa,None
Malaysia,42,113000,48,132,25,100,5100000000,1.21E+12,0.0025,0.0042,41,Southeast Asia,Asia,None
Mali,104,40000,0,44,9,0,1110000000,71253000000,0.0011,0.0156,103,West Africa,Africa,None
Mauritania,123,31540,51,23,0,6,270625000,33069000000,0.0025,0.0082,122,West Africa,Africa,None
Mexico,36,387000,0,424,2,164,9100000000,2.88E+12,0.0015,0.0032,35,North America,Americas,None
Moldova,136,6500,0,3,0,0,114114000,39342000000,0.0005,0.0029,135,Eastern Europe,Europe,None
Mongolia,93,35000,420,8,0,0,1590000000,59221000000,0.0122,0.0268,92,East Asia,Asia,None
Montenegro,128,2350,0,10,0,20,204000000,17375000000,0.0128,0.0117,127,Southern Europe,Europe,NATO
Morocco,56,400000,1346,271,84,100,16100000000,3.51E+11,0.0043,0.0459,55,North Africa,Africa,None
Mozambique,92,11200,60,23,8,36,480000000,51786000000,0.0106,0.0093,91,East Africa,Africa,None
Myanmar,35,228000,1040,331,70,239,2815031361,2.88E+11,0.0071,0.0098,34,Southeast Asia,Asia,None
Namibia,122,17567,7,36,11,15,450498000,31154000000,0.0033,0.0145,121,Southern Africa,Africa,None
Nepal,124,98500,0,17,0,0,431355326,1.50E+11,0.0002,0.0029,123,South Asia,Asia,None
Netherlands,34,44245,18,130,0,140,31791150000,1.28E+12,0.0065,0.0249,33,Western Europe,Europe,NATO
New Zealand,90,10050,0,47,0,8,2455949332,2.57E+11,0.0055,0.0096,89,Oceania,Oceania,None
Nicaragua,116,45000,186,17,0,23,1311600000,52989000000,0.005,0.0248,115,Central America,Americas,None
Niger,120,25000,0,26,0,0,488400000,47921000000,0.001,0.0102,119,West Africa,Africa,None
Nigeria,33,230000,330,159,14,152,3900000000,1.32E+12,0.0028,0.003,32,West Africa,Africa,None
North Korea,31,1320000,4895,837,341,332,4750000000,15416000000,0.0046,0.3081,30,East Asia,Asia,None
North Macedonia,114,10010,0,20,0,0,421527100,43844000000,0.002,0.0096,113,Southern Europe,Europe,NATO
Norway,39,33440,36,109,0,48,11189483200,5.08E+11,0.0058,0.022,38,Northern Europe,Europe,NATO
Oman,86,100000,264,128,29,17,8364000000,1.94E+11,0.0041,0.0432,85,Middle East,Asia,None
Pakistan,14,660000,2677,1397,331,120,9102115350,1.39E+12,0.0064,0.0065,13,South Asia,Asia,None
Panama,135,16300,0,38,0,22,1069750000,1.64E+11,0.0037,0.0065,134,Central America,Americas,None
Paraguay,81,15650,10,49,0,73,416800000,1.13E+11,0.0084,0.0037,80,South America,Americas,None
Peru,50,120000,355,252,15,78,2552000000,5.36E+11,0.0057,0.0048,49,South America,Americas,None
Philippines,41,160000,18,204,0,127,6571641011,1.20E+12,0.0022,0.0055,40,Southeast Asia,Asia,None
Poland,21,250000,798,457,58,63,55865141600,1.65E+12,0.0053,0.0339,20,Eastern Europe,Europe,NATO
Portugal,38,25000,34,128,28,128,6760000000,5.57E+11,0.0116,0.0121,37,Southern Europe,Europe,NATO
Qatar,71,26550,62,263,115,125,11950000000,3.17E+11,0.0169,0.0377,70,Middle East,Asia,None
Republic of the Congo,117,10000,61,14,2,4,933360000,39147000000,0.0079,0.0238,116,Central Africa,Africa,None
Romania,52,90000,451,148,29,18,10230630000,7.74E+11,0.0069,0.0132,51,Eastern Europe,Europe,NATO
Russia,2,1320000,5630,4237,861,747,2.13E+11,6.09E+12,0.008,0.0349,1,Eastern Europe,Europe,None
Saudi Arabia,25,247000,1085,917,283,32,63988055520,2.21E+12,0.0082,0.0289,24,Middle East,Asia,None
Senegal,126,17000,0,39,0,4,777800000,83183000000,0.0025,0.0094,125,West Africa,Africa,None
Serbia,63,22500,242,115,11,30,2770000000,1.77E+11,0.0172,0.0156,62,Southern Europe,Europe,None
Sierra Leone,140,13000,0,1,0,10,450000000,26728000000,0.0008,0.0168,139,West Africa,Africa,None
Singapore,29,51000,170,235,100,101,18000000000,8.00E+11,0.0099,0.0225,28,Southeast Asia,Asia,None
Slovakia,69,20982,45,48,7,0,2900000000,2.19E+11,0.0044,0.0133,68,Eastern Europe,Europe,NATO
Slovenia,91,7000,54,40,0,3,1782000000,1.03E+11,0.0139,0.0173,90,Southern Europe,Europe,NATO
Somalia,137,30000,0,6,0,19,870000000,26770000000,0.0008,0.0325,136,East Africa,Africa,None
South Africa,40,68731,248,181,2,63,2877000000,8.70E+11,0.0072,0.0033,39,Southern Africa,Africa,None
South Korea,5,450000,1831,1540,242,215,44800000000,2.61E+12,0.008,0.0172,4,East Asia,Asia,None
South Sudan,113,185000,122,19,0,0,30700000,6752000000,0.0008,0.0045,112,East Africa,Africa,None
Spain,18,121802,298,440,136,175,39000676350,2.36E+12,0.0075,0.0165,17,Southern Europe,Europe,NATO
Sri Lanka,68,346000,87,90,6,275,1500000000,3.01E+11,0.0013,0.005,67,South Asia,Asia,None
Sudan,66,300000,1055,183,37,10,394700000,94420000000,0.0042,0.0042,65,North Africa,Africa,None
Suriname,142,2500,0,3,0,17,58440000,12316000000,0.008,0.0047,141,South America,Americas,None
Sweden,26,25600,110,172,73,279,15900000000,6.69E+11,0.0219,0.0238,25,Northern Europe,Europe,NATO
Switzerland,46,147178,134,141,40,0,8372658426,7.41E+11,0.0019,0.0113,45,Western Europe,Europe,None
Syria,87,100000,168,104,52,12,145925000,98858000000,0.0028,0.0015,86,Middle East,Asia,None
Taiwan,22,230000,1090,720,258,91,31180000000,1.74E+12,0.0083,0.0179,21,East Asia,Asia,None
Tajikistan,100,150000,38,25,0,0,450460000,50370000000,0.0004,0.0089,99,Central Asia,Asia,CSTO
Tanzania,89,25000,200,38,11,12,1476113361,2.47E+11,0.01,0.006,88,East Africa,Africa,None
Thailand,24,360850,744,496,73,304,6006660000,1.56E+12,0.0043,0.0039,23,Southeast Asia,Asia,None
Tunisia,79,89800,0,155,10,37,2172751250,1.56E+11,0.0021,0.0139,78,North Africa,Africa,None
Turkey,9,481000,2284,1101,201,192,51400000000,3.02E+12,0.0074,0.017,8,Southern Europe,Europe,NATO
Turkmenistan,78,36500,654,91,22,16,1463000000,1.35E+11,0.0208,0.0109,77,Central Asia,Asia,None
Uganda,107,45000,259,51,6,0,1510000000,1.44E+11,0.0069,0.0105,106,East Africa,Africa,None
Ukraine,20,900000,1121,347,88,169,45000000000,5.78E+11,0.0018,0.0779,19,Eastern Europe,Europe,None
United Arab Emirates,54,65000,354,581,99,84,23480000000,7.46E+11,0.0157,0.0315,53,Middle East,Asia,None
United Kingdom,8,141330,288,625,103,116,88526529585,3.64E+12,0.0073,0.0243,7,Western Europe,Europe,NATO
United States of America,1,1333030,4666,13032,1791,465,8.32E+11,2.57E+13,0.0136,0.0324,0,North America,Americas,NATO
Uruguay,97,24000,62,43,0,16,1903440000,1.09E+11,0.005,0.0175,96,South America,Americas,None
Uzbekistan,53,120000,470,159,26,0,6210000000,3.80E+11,0.0052,0.0163,52,Central Asia,Asia,CSTO
Venezuela,51,109000,282,224,30,41,6060000000,1.11E+11,0.005,0.0546,50,South America,Americas,None
Vietnam,23,450000,1999,265,61,116,10200000000,1.46E+12,0.0053,0.007,22,Southeast Asia,Asia,None
Yemen,98,33350,0,160,68,26,405187500,18719000000,0.0056,0.0216,97,Middle East,Asia,None
Zambia,111,15150,75,78,0,0,385321000,79207000000,0.0101,0.0049,110,Southern Africa,Africa,None
Zimbabwe,105,29000,60,80,9,0,1976800000,57391000000,0.0048,0.0344,104,Southern Africa,Africa,None
