Country_Code,Country_Name,total_population,total_military_manpower,fit_for_service,population_reaching_military_age_annually,active_personnel,reserve_personnel,paramilitary,total_military_aircraft,fighter_aircraft,attack_aircraft,transport_aircraft,trainer_aircraft,special_mission_aircraft,tanker_aircraft,total_military_helicopters,attack_helicopters,tanks,armored_fighting_vehicles,self_propelled_artillery,towed_artillery,rocket_projectors,total_naval_fleet,total_naval_fleet_tonnage_mt,aircraft_carriers,helicopter_carriers,submarines,destroyers,frigates,corvettes,coastal_patrol_craft,mine_warfare_craft,defense_budget_usd,external_debt_usd,purchasing_power_parity_usd,foreign_exchange_and_gold_reserves_usd,total_serviceable_airports,labour_force,major_ports_and_terminals,total_merchant_marine_fleet,railway_coverage_km,roadway_coverage_km,oil_production_bbl,oil_consumption_bbl,proven_oil_reserves_bbl,natural_gas_production_cum,natural_gas_consumption_cum,proven_natural_gas_reserves_cum,coal_production_cum,coal_consumption_mt,proven_coal_reserves_cum,total_land_area_sq_km,coastline_coverage_km,border_coverage_km,waterway_coverage_km
USA,United States,341963408,150463900,"124,816,644",4445524,1333030,799500,0,13032,1791,926,917,2610,611,610,"5,913",1024,4666,409660,1521,1878,1731,465,8265799.0,11,9,66,83,0,27,0,4,831500000000,24538900710000,25676000000000,910037000000,16116,174174000,666,3533,293564,"6,586,610                        						
							km",20953000,20307000,38212000000,1029000000000.0,914301000000.0,13402000000000.0,534234000.0,495156000,247883000000.0,9833517,19924,12002,41009
RUS,Russia,140820810,69002197,"46,189,226",1267387,1320000,2000000,250000,4237,861,698,458,530,137,18,"1,643",556,5630,126512,3603,5920,2486,747,1426539.0,1,0,66,13,12,79,70,45,212638272000,226475750000,6089000000000,597217000000,905,72517000,67,2910,85494,"1,283,387                        						
							km",10879000,3863000,80000000000,617830000000.0,472239000000.0,47805000000000.0,531130000.0,290763000,162166000000.0,17098242,37653,22407,102000
CHN,China,1415043270,764123366,"626,864,169",19810606,2035000,510000,625000,3529,1443,371,287,401,105,9,"1,007",281,5870,152040,2940,1400,2770,841,3192411.0,3,4,61,53,46,50,150,36,303000000000,488114000000,33598000000000,3456000000000,552,773880000,66,8314,150000,"5,200,000                        						
							km",4984000,16189000,26023000000,225341000000.0,366160000000.0,6654000000000.0,4805000000.0,5191000000,157041000000.0,9596960,14500,22457,27700
IND,India,1409128296,662290299,"522,786,598",23955181,1431000,1000000,2527000,2183,476,124,277,334,72,6,594,79,3913,163554,100,5640,300,343,631989.0,2,0,18,13,18,21,146,0,109000000000,212728000000,14244000000000,643043000000,315,607691000,56,1859,65554,"6,371,847                        						
							km",822000,5271000,4605000000,33170000000.0,58867000000.0,1381000000000.0,1020000000.0,1262000000,127727000000.0,3287263,7000,13888,14500
SKO,South Korea,52081799,26040900,"21,353,538",416654,450000,3100000,120000,1540,242,98,40,335,35,4,827,113,1831,117460,2780,5800,525,215,427946.0,0,2,22,14,18,3,96,14,44800000000,553871450000,2607000000000,418219000000,92,29713000,15,2149,3979,"100,428                        						
							km",38000,2542000,0,55127000.0,59480000000.0,7079000000.0,16081000.0,136817000,326000000.0,99720,2413,237,1600
FRA,France,68374591,30084820,"23,794,358",752121,264000,43444,150000,974,223,0,118,140,44,15,452,67,427,110784,74,0,9,166,487471.0,1,3,9,11,5,0,22,19,67232395000,7691315390000,3732000000000,282857000000,1218,31725000,66,553,27860,"1,053,215                        						
							km",80000,1536000,61719000,20132000.0,37001000000.0,7787000000.0,2157000.0,12570000,160000000.0,643801,4853,4072,8501
JPN,Japan,123201945,52976836,"42,874,277",1108818,251500,56000,25000,1429,217,47,53,399,135,10,583,118,734,54390,193,480,99,158,798062.0,0,4,23,41,8,0,6,18,58000000000,5147667910000,5715000000000,1231000000000,280,69382000,163,5229,27311,"1,218,772                        						
							km",8000,3140000,44115000,2220000000.0,92843000000.0,20898000000.0,27657000.0,197612000,350000000.0,377915,29751,0,1770
UKD,United Kingdom,68459055,31491165,"25,192,932",753050,141330,31940,0,625,103,38,30,201,29,9,262,50,288,94064,14,126,43,116,406308.0,2,0,10,6,7,0,26,8,88526529585,10553123900000,3636000000000,174598000000,1057,35359000,185,868,16390,"416,461                        						
							km",753000,1406000,2500000000,37758000000.0,70141000000.0,180661000000.0,1568000.0,7372000,26000000.0,243610,12429,499,3200
TKY,Turkiye,84119531,42985080,"36,087,279",1430032,481000,380000,150000,1101,201,0,84,301,27,7,509,111,2284,98193,1045,635,237,192,349739.0,0,1,14,0,17,9,40,11,51400000000,149654000000,3018000000000,154744000000,116,36081000,54,1170,11497,"68,526                        						
							km",83000,1107000,366000000,379701000.0,52887000000.0,3794000000.0,82534000.0,124183000,10975000000.0,783562,7200,2816,1200
ITA,Italy,60964931,27434219,"22,191,235",548684,165500,18300,105000,714,88,65,31,152,22,8,352,37,203,87364,64,108,21,285,387892.0,2,0,8,3,14,0,15,10,37325165000,3025000000000,3133000000000,290547000000,655,25828000,123,1276,18475,"228,863                        						
							km",111000,1245000,497934000,3117000000.0,68735000000.0,45750000000.0,1572000.0,12424000,609999000.0,301340,7600,1836,2400
BRA,Brazil,220051512,112226271,"88,680,759",3520824,376000,1340000,200000,495,44,30,107,124,25,0,186,0,294,22464,149,412,82,69,166419.0,0,1,6,0,8,2,22,4,26400000000,198582000000,4165000000000,329732000000,5297,106790000,45,888,29850,"2,000,000                        						
							km",4221000,3163000,12715000000,22670000000.0,31654000000.0,363985000000.0,15556000.0,32223000,6596000000.0,8515770,7491,16145,50000
GER,Germany,84119100,38694786,"30,955,829",841191,184324,860000,0,569,127,63,55,16,27,3,292,49,296,87338,134,0,33,96,241492.0,0,0,6,0,11,6,54,12,127400090000,6862470230000,5247000000000,377936000000,840,43772000,35,595,39379,"830,000                        						
							km",131000,2062000,115200000,4824000000.0,77516000000.0,23390000000.0,109741000.0,140994000,35400000000.0,357022,2389,3694,7300
INO,Indonesia,281562465,137965608,"114,595,923",4786562,404500,401000,250000,460,41,34,73,114,15,1,212,15,331,28064,153,396,67,338,324754.0,0,0,4,0,10,26,211,10,11155297716,225273000000,4102000000000,155708000000,556,143144000,123,11422,8159,"496,607                        						
							km",865000,1645000,2480000000,57410000000.0,36061000000.0,1408000000000.0,783453000.0,281159000,35055000000.0,1904569,54716,2958,21579
PAK,Pakistan,252363571,108516336,"85,803,614",4794908,660000,550000,500000,1397,331,90,63,563,27,4,379,55,2677,59044,662,2629,652,120,115187.0,0,0,8,0,9,6,79,3,9102115350,89148000000,1390000000000,18408000000,117,83644000,3,60,11881,"264,175                        						
							km",91000,645000,540000000,36937000000.0,46448000000.0,592219000000.0,13765000.0,30191000,2857000000.0,796095,1046,7257,0
ISR,Israel,9402617,3949099,"3,281,513",131637,169500,465000,35000,597,239,45,14,148,19,13,127,48,1300,62380,323,171,228,82,40638.0,0,0,6,0,0,7,66,0,34600000000,163350000000,472177000000,214544000000,40,4710000,5,41,1497,"20,391                        						
							km",15000,219000,12730000,22886000000.0,11510000000.0,176018000000.0,0.0,5297000,0.0,21937,273,1068,0
IRN,Iran,88386937,49496685,"41,541,860",1414191,610000,350000,220000,551,188,21,86,103,10,6,129,13,2675,75939,424,1803,1550,109,283516.0,0,0,25,0,7,3,21,1,9230000000,6759000000,1486000000000,120600000000,177,28575000,18,965,8484,"223,485                        						
							km",4112000,2415000,208600000000,263280000000.0,244890000000.0,33987000000000.0,2209000.0,3032000,1203000000.0,1648195,2440,5894,850
AUS,Australia,26768598,11242811,"9,208,398",294455,58910,33270,0,348,24,71,37,107,31,6,72,22,46,17118,0,48,8,45,199898.0,0,2,6,3,7,0,13,3,57350000000,3770254730000,1635000000000,60404000000,2257,14912000,66,604,32606,"873,573                        						
							km",386000,1151000,2446000000,153783000000.0,50188000000.0,3228000000000.0,445077000.0,95667000,149472000000.0,7741220,25760,0,2000
SPN,Spain,47280433,21748999,"17,635,602",330963,121802,24033,78470,440,136,12,51,108,8,0,169,17,298,49324,96,188,0,175,249889.0,1,0,2,0,11,0,112,6,39000676350,2830012130000,2361000000000,107774000000,365,24386000,52,503,15489,"150,110                        						
							km",47000,1325000,150000000,41009000.0,32833000000.0,2549000000.0,1280000.0,7388000,1187000000.0,505370,4964,1953,1000
EGY,Egypt,111247248,45611372,"38,269,053",1668709,438500,479000,300000,1088,242,90,53,344,11,0,348,100,3620,54694,1056,962,648,149,235989.0,0,2,8,0,13,7,61,17,5193500000,117272000000,1958000000000,44921000000,73,33749000,31,441,5085,"65,050                        						
							km",667000,830000,3300000000,64817000000.0,60089000000.0,1784000000000.0,69000.0,3262000,182000000.0,1001450,2450,2612,3500
UKR,Ukraine,35661826,18187531,"12,731,272",392280,900000,4000000,100000,347,88,30,22,72,5,0,140,39,1121,45458,682,625,288,169,22266.0,0,0,0,0,0,0,133,5,45000000000,90003000000,577583000000,43781000000,152,20539000,26,410,21733,"169,694                        						
							km",3000,192000,395000000,18725000000.0,22856000000.0,1104000000000.0,19603000.0,25012000,34375000000.0,603550,2782,5581,1672
POL,Poland,38746310,18985692,"15,576,017",464956,250000,350000,50000,457,58,12,44,112,11,0,224,29,798,57972,593,0,298,63,55530.0,0,0,1,0,2,2,3,29,55865141600,425641700000,1649000000000,223115000000,318,18245000,10,152,19461,"427,580                        						
							km",24000,743000,113000000,5551000000.0,20056000000.0,91492000000.0,96720000.0,99932000,27758000000.0,312685,440,2845,3997
TWN,Taiwan,23595274,12269542,"1,061,787",306739,230000,1657000,55000,720,258,0,19,215,18,0,239,91,1090,24067,488,1360,223,91,244050.0,0,0,4,4,21,7,36,10,31180000000,229900000000,1743000000000,541898500000,57,11842940,8,465,1613,"43,206                        						
							km",800,954000,2380000,63747000.0,21157000000.0,6230000000.0,5212000.0,64609000,1000000.0,35980,1566,0,0
VET,Vietnam,105758975,54994667,"45,053,323",1797903,450000,5000000,250000,265,61,0,6,91,3,0,101,0,1999,69914,30,3250,774,116,102147.0,0,0,6,0,9,17,27,8,10200000000,34426000000,1456000000000,83082000000,36,57133000,16,1973,2600,"195,468                        						
							km",187000,544000,4400000000,7676000000.0,7676000000.0,699426000000.0,51519000.0,96099000,3116000000.0,331210,3444,4616,47130
THL,Thailand,69920998,36358919,"27,968,399",1118736,360850,200000,25000,496,73,26,52,134,25,0,258,7,744,52590,59,595,17,304,133523.0,0,1,0,0,7,5,254,5,6006660000,37065000000,1558000000000,236934000000,105,40623000,21,884,4127,"180,053                        						
							km",386000,1397000,252750000,30797000000.0,48898000000.0,138243000000.0,12812000.0,42371000,1063000000.0,513120,3219,5673,4000
SAR,Saudi Arabia,36544431,19003104,"17,468,238",621255,247000,0,150000,917,283,81,49,202,16,22,264,34,1085,22370,380,557,327,32,49727.0,0,0,0,0,7,9,9,3,63988055520,248171000000,2213000000000,463870000000,90,17168000,16,433,5410,"221,372                        						
							km",11174000,3524000,258600000000,121870000000.0,121870000000.0,9423000000000.0,0.0,66000,0.0,2149690,2640,4272,0
SWE,Sweden,10589835,4235934,"3,558,185",105898,25600,34000,104400,172,73,0,6,36,3,1,53,0,110,27576,24,0,0,279,39816.0,0,0,4,0,0,7,116,8,15900000000,1102693570000,668628000000,62569000000,206,5699000,92,361,10910,"197,964                        						
							km",11000,270000,0,0.0,889924000.0,0.0,1042000.0,3170000,5000000.0,450295,3218,2211,2052
ALG,Algeria,47022473,22570787,"19,185,169",752360,130000,150000,150000,620,111,42,63,90,10,4,300,74,1485,24920,224,483,188,111,83480.0,0,0,6,0,8,8,75,3,25000000000,4764000000,722912000000,83007000000,95,13294000,17,119,4020,"112,696                        						
							km",1443000,446000,12200000000,100726000000.0,47963000000.0,4504000000000.0,0.0,3000,233000000.0,2381740,998,6734,0
CAN,Canada,38794813,16681770,"13,500,595",426743,63500,23000,5500,354,66,0,29,95,34,6,146,0,74,21780,0,0,0,67,119637.0,0,0,4,0,12,0,17,0,45824959620,2571113270000,2341000000000,119778000000,1425,22868000,284,716,49422,"1,042,300                        						
							km",5688000,2377000,170300000000,187686000000.0,130316000000.0,2067126000000.0,50687000.0,20092000,6582000000.0,9984670,202080,8893,636
SNG,Singapore,6028459,3918498,"2,628,408",66313,51000,252500,12000,235,100,0,9,36,9,11,75,20,170,17244,48,89,24,101,93244.0,0,0,6,0,6,6,55,4,18000000000,1884751660000,800304000000,383946000000,9,3722000,5,3202,0,"3,500                        						
							km",0,1514000,0,0.0,13724000000.0,0.0,0.0,1153000,0.0,719,193,0,0
GRE,Greece,10461091,4916713,"3,985,676",104611,142700,221350,55000,560,178,0,17,86,8,0,285,28,1344,56416,589,698,152,186,215808.0,0,0,9,0,14,0,45,3,8242150000,605000000000,192205000000,15222000000,82,4655000,57,1215,2345,"117,000                        						
							km",5000,308000,10000000,3284000.0,5173000000.0,991090000.0,10469000.0,10091000,2876000000.0,131957,13676,1110,6
NKO,North Korea,26298666,9467520,"5,312,331",420779,1320000,560000,100000,837,341,114,1,176,0,0,205,20,4895,47792,1300,700,1500,332,143304.0,0,0,24,2,2,8,227,1,4750000000,6050000000,15416000000,5500000000,81,17637000,10,264,7435,"25,554                        						
							km",0,18000,0,0.0,0.0,0.0,21927000.0,22105000,10600000000.0,120538,2495,1607,2250
ARG,Argentina,46994384,20677529,"17,575,900",704916,108000,12370,20000,241,23,11,25,71,13,2,96,0,362,22432,20,172,27,42,122128.0,0,0,2,3,0,6,13,0,993919790,74362000000,1213000000000,29560000000,764,22286000,37,201,17866,"240,000                        						
							km",807000,749000,2483000000,43280000000.0,46228000000.0,396464000000.0,869000.0,2534000,799999000.0,2780400,4989,11968,11000
NGA,Nigeria,236747130,125475979,"90,437,404",4261448,230000,0,50000,159,14,24,12,28,12,0,69,15,330,12219,40,339,37,152,38052.0,0,0,0,0,1,0,132,2,3900000000,45009000000,1318000000000,38612000000,50,113350000,28,928,3798,"195,000                        						
							km",1541000,527000,36890000000,39951000000.0,20719000000.0,5761000000000.0,1322000.0,1326000,2144000000.0,923768,853,4477,8600
NTH,Netherlands,17772378,7997570,"6,486,918",195496,44245,8510,5000,130,0,38,4,21,0,0,67,16,18,6689,46,0,4,140,147606.0,0,0,3,0,6,0,76,3,31791150000,5257949730000,1276000000000,79129000000,44,10315000,18,1187,3055,"139,027                        						
							km",70000,840000,137747000,17774000000.0,33243000000.0,132608000000.0,1761000.0,12796000,3247000000.0,41543,451,1053,6237
MYA,Myanmar,57527139,30489384,"21,975,367",1035489,228000,19000,55000,331,70,20,33,120,5,0,86,9,1040,11576,225,1680,1520,239,89240.0,0,0,3,0,6,3,146,2,2815031361,8748000000,287559000000,8590400000,74,22742000,7,101,5031,"157,000                        						
							km",7000,122000,139000000,16780000000.0,3788000000.0,637129000000.0,1031000.0,907000,252000000.0,676578,1930,6522,12800
MEX,Mexico,130739927,61447766,"49,811,912",2222579,387000,98653,120000,424,2,32,40,175,25,0,173,0,0,23548,35,0,0,164,,0,0,0,0,1,3,142,0,9100000000,306308000000,2883000000000,232035000000,1580,60959000,35,674,23389,"704,884                        						
							km",2101000,1741000,5786000000,31422000000.0,90566000000.0,180322000000.0,6296000.0,15132000,1160000000.0,1964375,9330,4389,2900
BNG,Bangladesh,168697184,82661620,"66,129,296",3205246,204000,0,6800000,212,41,0,17,83,4,0,67,0,320,11584,36,487,103,121,75280.0,0,0,2,0,7,6,61,5,3340000000,58020000000,1473000000000,21395000000,17,77355000,2,558,2460,"369,105                        						
							km",13000,263000,28000000,24620000000.0,30384000000.0,126293000000.0,767000.0,14050000,3260000000.0,148460,580,4413,8370
POR,Portugal,10639726,5319863,"4,096,295",127677,25000,23500,23300,128,28,5,20,23,16,4,36,0,34,10419,23,54,0,128,42755.0,0,0,2,0,5,2,71,0,6760000000,530000000000,556942000000,55160000000,136,5332100,36,1158,3622,"136,635                        						
							km",12932,200000,22440000,0.0,3700000000.0,72000000000.0,0.0,0,40000000.0,92090,1793,1224,764
NOR,Norway,5509733,2203893,"1,807,192",71627,33440,20100,40500,109,0,43,4,23,5,0,34,0,36,11441,28,0,0,48,66022.0,0,0,6,0,4,6,20,5,11189483200,787758400000,507680000000,81242000000,146,3042000,141,1720,3848,"95,120                        						
							km",2020000,229000,8122200000,123727000000.0,4548000000.0,1544455000000.0,120000.0,1096000,2000000.0,323802,25148,2566,1577
SAF,South Africa,60442647,27803618,"14,989,776",1027525,68731,29350,50000,181,2,0,11,81,0,0,87,10,248,23024,52,434,201,63,43881.0,0,0,3,0,4,0,42,4,2877000000,93879000000,870420000000,65435000000,573,27766000,8,110,30400,"750,000                        						
							km",88000,609000,15000000,59128000.0,4487000000.0,0.0,239712000.0,176095000,9893000000.0,1219090,2798,5244,0
PHL,Philippines,118277063,50859137,"41,751,803",2128987,160000,1500000,35000,204,0,17,23,23,11,0,130,6,18,20551,12,296,0,127,84578.0,0,0,0,0,4,1,60,0,6571641011,63241000000,1202000000000,106195000000,256,50979000,70,2203,77,"216,387                        						
							km",10000,457000,138500000,2251000000.0,2251000000.0,98543000000.0,14457000.0,42859000,361000000.0,300000,36289,0,3219
MLY,Malaysia,34564810,16245461,"13,480,276",553037,113000,51600,100000,132,25,11,15,31,6,4,45,0,48,15415,0,196,36,100,67735.0,0,0,2,0,2,4,72,4,5100000000,8748000000,1212000000000,116229000000,100,18264000,35,1750,1851,"144,403                        						
							km",582000,672000,3600000000,75456000000.0,42499000000.0,1189000000000.0,4476000.0,35741000,226000000.0,329847,4675,2742,7200
COL,Colombia,49588357,24298295,"19,190,694",843002,429000,998000,150000,430,16,24,82,72,27,1,255,0,0,12780,6,110,0,213,31090.0,0,0,4,0,9,2,158,0,15800000000,108027000000,978024000000,61898000000,661,26822000,14,153,2141,"206,102                        						
							km",800000,374000,2036000000,11290000000.0,11451000000.0,87782000000.0,52376000.0,9720000,4554000000.0,1138910,3208,6672,24725
IRQ,Iraq,42083436,17675043,"14,308,368",715418,193000,0,100000,360,26,36,15,111,17,0,183,39,1188,37496,434,610,572,67,32565.0,0,0,0,0,0,1,55,0,8000000000,15580000000,585887000000,100691000000,73,12008000,6,74,2272,"59,623                        						
							km",4448000,1043000,145019000000,9860000000.0,19298000000.0,3729000000000.0,0.0,0,0.0,438317,58,3809,5279
DEN,Denmark,5973136,2628180,"2,126,436",77651,21000,12000,51000,122,26,19,4,36,3,0,34,0,44,5930,19,0,8,50,121180.0,0,0,0,0,9,0,9,6,14250000000,611050000000,440558000000,108405000000,102,3210000,69,715,2682,"73,591                        						
							km",63000,151000,441000000,1879000000.0,2208000000.0,29534000000.0,0.0,1135000,0.0,43094,7314,140,400
SWZ,Switzerland,8860574,3898653,"3,163,225",97466,147178,0,5000,141,40,0,16,43,3,0,39,0,134,6885,133,0,0,0,,0,0,0,0,0,0,0,0,8372658426,2420000000000,741035000000,909366000000,66,5153000,0,17,5296,"83,131                        						
							km",300,194000,0,0.0,3138000000.0,0.0,0.0,126000,0.0,41277,0,1770,1292
ETH,Ethiopia,118550298,56904143,"35,327,989",2726657,503000,138000,0,104,25,0,9,34,0,0,33,7,338,8586,142,469,79,0,,0,0,0,0,0,0,0,0,3720968976,25426000000,380895000000,3784000000,58,54470000,0,12,659,"180,000                        						
							km",0,102000,428000,0.0,0.0,24919000000.0,456000.0,1653000,0.0,1104300,0,5925,0
FIN,Finland,5626414,2306830,"1,912,981",56264,24000,870000,53800,162,53,0,11,77,1,0,27,0,200,14866,125,667,76,165,19434.0,0,0,0,0,0,0,8,18,8890000000,726000000000,313591000000,17993000000,98,2898000,37,282,5918,"108,637                        						
							km",8000,175000,0,0.0,1157000000.0,0.0,811000.0,3933000,0.0,338145,1250,2563,8000
CHI,Chile,18664652,8959033,"7,521,855",298634,80000,40000,50000,274,45,0,33,92,18,5,86,0,386,7480,48,249,9,130,176065.0,0,0,4,0,8,0,40,0,6800000000,235950000000,596556000000,44403000000,379,10088000,39,249,7282,"77,801                        						
							km",11000,404000,150000000,1200000000.0,6916000000.0,97976000000.0,474000.0,8087000,1181000000.0,756102,6435,7801,12290
PER,Peru,32600249,15648120,"12,681,497",619405,120000,386000,60000,252,15,22,39,68,12,0,112,16,355,9168,12,290,61,78,171629.0,0,0,6,0,7,8,13,0,2552000000,38102000000,535911000000,79246000000,174,18918000,20,111,1855,"70,000                        						
							km",118000,255000,858890000,12270000000.0,7185000000.0,300159000000.0,1382000.0,973000,1567000000.0,1285216,2414,7062,8808
VEN,Venezuela,31250306,15625153,"12,812,625",625006,109000,8000,220000,224,30,0,47,75,3,1,85,10,282,15168,60,92,56,41,,0,0,3,0,1,0,26,0,6060000000,121363000000,110943000000,9944750000,509,11136000,31,272,447,"96,189                        						
							km",801000,203000,303806000000,17696000000.0,17696000000.0,5674000000000.0,149000.0,80000,730999000.0,912050,2800,5267,7100
ROM,Romania,18148155,9437041,"7,731,114",199630,90000,55000,15000,148,29,0,13,44,2,0,66,0,451,13266,0,720,243,18,,0,0,0,0,3,7,0,7,10230630000,145200000000,774376000000,73391000000,103,8263000,11,127,10628,"85,387                        						
							km",67000,220000,600000000,9501000000.0,10055000000.0,105480000000.0,14752000.0,15533000,291000000.0,238391,225,2844,1731
UZB,Uzbekistan,36520593,18990708,"15,959,499",730412,120000,0,20000,159,26,13,12,7,0,0,101,34,470,8692,177,236,108,0,,0,0,0,0,0,0,0,0,6210000000,25714000000,379989000000,41237000000,74,13974000,0,0,4642,"225,500                        						
							km",64000,111000,594000000,47500000000.0,43227000000.0,1841000000000.0,6379000.0,8941000,1375000000.0,447400,420,6893,1100
UAE,United Arab Emirates,10032213,5818684,"4,945,881",80258,65000,130000,12000,581,99,40,35,151,27,5,250,30,354,8982,165,99,49,84,20210.0,0,0,0,0,0,11,34,2,23480000000,290400000000,745994000000,237931000000,42,7090000,20,655,0,"4,080                        						
							km",4146000,846000,97800000000,56683000000.0,66091000000.0,6091000000.0,0.0,5411000,0.0,83600,1318,1066,0
CZC,Czechia,10837890,5093808,"4,129,236",97541,30334,4900,0,103,12,16,10,21,2,0,42,4,20,6275,53,0,16,0,,0,0,0,0,0,0,0,0,9174000000,232320000000,521928000000,146281000000,252,5541000,0,0,9548,"129,418                        						
							km",4000,219000,15000000,224725000.0,7602000000.0,3964000000.0,31946000.0,33239000,3595000000.0,78867,0,2046,664
MOR,Morocco,37387585,17946041,"15,254,135",635589,400000,250000,50000,271,84,0,31,77,4,2,73,6,1346,17594,544,188,185,100,,0,0,0,0,6,1,84,0,16100000000,42262000000,350594000000,37134000000,48,12475000,12,94,2067,"57,300                        						
							km",25,296000,684000,82595000.0,243201000.0,1444000000.0,0.0,10304000,96000000.0,715550,1835,2363,0
HUN,Hungary,9855745,4632200,"3,794,462",118269,41600,20000,15000,80,12,0,3,17,0,0,50,8,220,11502,24,295,0,0,,0,0,0,0,0,0,0,0,5887250000,151250000000,389207000000,46422000000,109,4954000,0,1,7687,"203,601                        						
							km",36000,179000,12100000,1523000000.0,9485000000.0,3738000000.0,4293000.0,4694000,2633000000.0,103000,0,2106,1622
KAZ,Kazakhstan,20260006,9117003,"6,928,922",283640,110000,135000,55000,168,37,13,21,25,0,0,72,12,353,17460,126,194,287,26,,0,0,0,0,0,0,23,2,5836386000,25765000000,739385000000,45808000000,132,10285000,0,122,16636,"96,167                        						
							km",1955000,386000,30000000000,27011000000.0,22623000000.0,2407000000000.0,120279000.0,86349000,25605000000.0,2724900,26,13364,43983
ANG,Angola,37202061,7440412,"3,720,206",372021,107000,0,10000,278,67,6,32,56,2,0,115,14,319,2258,25,575,116,32,,0,0,0,0,0,0,32,0,31200000000,45299000000,278239000000,14243000000,107,15961000,21,64,2761,"76,000                        						
							km",1175000,121000,7783000000,5514000000.0,1397000000.0,343002000000.0,0.0,0,0.0,1246700,1600,5369,1300
AZR,Azerbaijan,10650239,5218617,"3,908,638",159754,128000,306000,15000,159,12,20,4,36,0,0,87,16,1354,14448,135,651,696,32,,0,0,4,0,0,0,17,4,5100000000,12378000000,225198000000,12699000000,32,5020000,0,312,2944,"24,981                        						
							km",618000,109000,7000000000,34175000000.0,11759000000.0,1699000000000.0,0.0,6000,0.0,86600,713,2468,0
BEL,Belgium,11977634,4910830,"3,880,753",119776,26390,6600,0,104,44,12,7,27,0,0,14,0,0,3588,0,0,0,9,10190.0,0,0,0,0,2,0,2,5,14900000000,1594190730000,749229000000,41449000000,48,5416000,7,198,3602,"118,414                        						
							km",11000,596000,0,13436000.0,15347000000.0,0.0,1269000.0,4372000,4100000000.0,30528,67,1297,2043
BUL,Bulgaria,6782659,3187850,"2,611,324",61044,36950,3000,0,71,11,5,6,26,0,0,23,4,334,6724,48,24,24,45,,0,0,0,0,6,3,0,17,2485350000,14277000000,219645000000,43698000000,107,3124000,2,78,4029,"19,512                        						
							km",4000,101000,15000000,20837000.0,2801000000.0,5663000000.0,20970000.0,20557000,2174000000.0,110880,354,1806,470
SRB,Serbia,6652212,3259584,"2,574,406",79827,22500,2000,600000,115,11,17,3,33,0,0,51,4,242,7190,96,150,73,30,,0,0,0,0,0,0,18,4,2770000000,21726000000,177093000000,30484000000,46,3230000,0,0,3333,"45,022                        						
							km",13000,88000,77500000,353376000.0,2939000000.0,48139000000.0,33219000.0,37828000,7112000000.0,77474,0,2322,587
DRC,Democratic Republic of the Congo,115403027,39237029,"31,389,623",2538867,166580,30800,10000,56,0,6,10,2,0,0,38,9,212,7164,16,125,81,16,,0,0,0,0,0,0,16,0,960000000,7926000000,164367000000,3898125000,273,38546000,3,24,4007,"152,373                        						
							km",19000,35000,180000000,380000.0,380000.0,991090000.0,0.0,304000,987999000.0,2344858,37,10481,15000
CUB,Cuba,10966038,5921661,"4,737,328",142558,50000,40000,1145000,20,11,0,4,3,0,0,13,4,194,7792,140,364,200,19,,0,0,0,0,1,1,6,4,3301500000,36372600000,81165000000,10442000000,120,489000,34,65,8367,"60,000                        						
							km",34000,118000,124000000,659434000.0,659434000.0,70792000000.0,0.0,1000,0.0,110860,3735,29,240
SDN,Sudan,50467278,26747657,"17,108,407",1312149,300000,200000,17500,183,37,36,13,33,0,0,64,35,1055,8890,100,1150,800,10,,0,0,0,0,0,0,10,0,394700000,21650000000,94420000000,192348850,45,10949000,4,14,7251,"31,000                        						
							km",68000,129000,1250000000,0.0,0.0,84951000000.0,0.0,0,0.0,1861484,853,6819,4068
AST,Austria,8967982,4035592,"3,632,033",98648,25000,125600,0,90,15,0,11,23,0,0,41,0,56,5160,30,0,0,0,,0,0,0,0,0,0,0,0,6103900800,693000000000,581131000000,35406000000,62,4768000,0,1,6123,"126,233                        						
							km",18000,244000,35200000,618209000.0,8136000000.0,5040000000.0,1288000.0,5403000,0.0,83871,0,2524,358
SRL,Sri Lanka,21982608,10551652,"8,551,235",307757,346000,90000,0,90,6,0,15,7,3,0,49,8,87,15021,0,96,28,275,32636.0,0,0,0,0,5,0,259,0,1500000000,42198000000,301407000000,6094000000,18,8499000,6,96,1562,"114,093                        						
							km",0,100000,0,0.0,0.0,0.0,0.0,2323000,0.0,65610,1340,0,160
SLK,Slovakia,5563649,2837461,"2,353,424",61200,20982,0,0,48,7,0,7,11,1,0,22,0,45,6636,35,9,25,0,,0,0,0,0,0,0,0,0,2900000000,140360000000,218762000000,14452000000,116,2779000,0,0,3627,"45,106                        						
							km",7000,90000,9000000,52556000.0,60424000.0,14158000000.0,2315000.0,6066000,19000000.0,49035,0,1587,172
BLR,Belarus,9501451,5035769,"3,724,569",104516,63000,365400,55000,194,43,50,4,27,0,0,70,31,577,6820,357,190,206,0,,0,0,0,0,0,0,0,0,1034784000,18010000000,265220000000,8912000000,46,4817000,0,4,5528,"86,600                        						
							km",30000,125000,198000000,73929000.0,16683000000.0,2832000000.0,0.0,710000,0.0,207600,0,3599,2500
QTR,Qatar,2552088,638022,"490,001",12760,26550,4000,5500,263,115,6,12,45,0,0,85,24,62,5576,46,12,16,125,,0,0,0,0,0,4,107,0,11950000000,205700000000,317064000000,53987000000,8,2123000,6,123,0,"7,039                        						
							km",1818000,268000,25244000,169595000000.0,41515000000.0,23861000000000.0,0.0,0,0.0,11586,563,87,0
ECU,Ecuador,18309984,8422593,"6,738,074",329580,41250,118000,1500,99,0,0,20,34,8,0,43,0,202,5322,5,106,24,30,,0,0,2,0,2,6,5,0,2963400000,39658000000,252728000000,6908000000,317,8821000,6,154,965,"43,950                        						
							km",480000,272000,8273000000,309778000.0,309778000.0,10902000000.0,0.0,14000,24000000.0,283560,2237,2237,1500
CRO,Croatia,4150116,2033557,"1,564,594",53952,14325,20100,2000,67,12,0,0,26,0,0,37,0,55,4874,25,42,42,30,,0,0,0,0,0,0,11,1,2744000000,60500000000,164825000000,3336000000,45,1733000,16,384,2617,"26,958                        						
							km",11000,70000,71000000,741456000.0,2502000000.0,24919000000.0,0.0,596000,0.0,56594,5835,2237,4714
JOR,Jordan,11174024,3463947,"2,983,464",145262,114500,100000,35000,279,44,10,12,66,11,0,159,44,1508,25278,478,80,84,27,,0,0,0,0,0,0,27,0,2668500000,21058000000,109986000000,21939000000,18,3080000,1,34,509,"7,203                        						
							km",20,97000,1000000,187262000.0,4382000000.0,6031000000.0,0.0,269000,0.0,89342,26,1744,0
BAH,Bahrain,1566888,846120,"720,768",17236,18400,110000,1500,137,28,0,3,40,0,0,66,34,150,5196,38,26,18,64,,0,0,0,0,2,2,50,0,997015509,54450000000,93937000000,4949000000,3,913300,4,184,0,"4,122                        						
							km",190000,72000,186500000,18005000000.0,17924000000.0,81382000000.0,0.0,0,0.0,760,161,0,0
KUW,Kuwait,3138355,1726095,"1,449,920",37660,78000,24000,7500,133,47,0,2,13,0,3,68,16,367,7472,51,0,27,123,,0,0,0,0,0,0,106,0,7987000000,60500000000,225947000000,50728000000,6,3003000,6,176,0,"5,749                        						
							km",2910000,430000,101500000000,19285000000.0,26083000000.0,1784000000000.0,0.0,60000,0.0,17818,499,475,0
ALB,Albania,3107100,1522479,"1,292,554",62142,7500,0,500,20,0,0,1,0,0,0,19,0,0,1492,10,0,270,33,,0,0,0,0,0,0,33,0,720037190,5363000000,51360000000,6516000000,3,1370000,3,69,424,"3,581                        						
							km",14000,21000,150000000,50623000.0,50623000.0,5692000000.0,473000.0,255000,522000000.0,28748,362,691,41
TKM,Turkmenistan,5744151,2768681,"2,245,963",109139,36500,0,3500,91,22,27,5,11,0,0,26,10,654,11588,73,457,164,16,,0,0,0,0,0,0,16,0,1463000000,3696000000,134555000000,21073860000,23,2445000,0,73,5113,"58,592                        						
							km",272000,152000,600000000,86472000000.0,41561000000.0,11327000000000.0,0.0,0,799999000.0,488100,1768,4158,1300
TUN,Tunisia,12048847,6024424,"5,181,004",204830,89800,0,12000,155,10,0,12,28,4,0,101,0,145,13927,0,105,0,37,,0,0,0,0,1,1,30,0,2172751250,21212000000,156086000000,9344000000,14,4247000,16,72,2173,"32,332                        						
							km",35000,104000,425000000,1323000000.0,5153000000.0,65129000000.0,0.0,2000,0.0,163610,1148,1495,0
LBY,Libya,7361263,3827857,"3,290,485",125141,32000,0,100000,83,10,1,12,35,0,0,22,4,55,2728,20,38,25,5,,0,0,0,0,1,0,2,0,1474800000,3654200000,90609000000,92894000000,75,2585000,14,96,0,"34,000                        						
							km",1245000,207000,48363000000,11832000000.0,9212000000.0,1505000000000.0,0.0,0,0.0,1759540,1770,4339,0
PAR,Paraguay,7522549,3535598,"3,001,497",150451,15650,168500,14800,49,0,4,12,14,1,0,18,0,10,2876,6,50,0,73,,0,0,0,0,0,0,64,0,416800000,13783000000,112919000000,9886000000,83,3502000,1,108,30,"78,811                        						
							km",2000,52000,0,0.0,0.0,0.0,0.0,700,0.0,406752,0,4655,3100
BOL,Bolivia,12311974,5417269,"4,112,199",233928,40000,40000,0,67,0,0,15,20,2,0,29,0,54,764,0,58,0,67,,0,0,0,0,0,0,50,0,467670000,11174000000,122200000000,1977000000,201,6859000,0,50,3690,"90,568                        						
							km",58000,100000,240900000,13760000000.0,3055000000.0,302990000000.0,0.0,9000,1000000.0,1098581,0,7252,10000
CMB,Cambodia,17063669,8190561,"5,733,393",307146,124300,0,10000,24,0,0,4,0,0,0,20,0,520,5439,30,525,521,20,,0,0,0,0,0,0,20,0,750000000,8019000000,123676000000,22506000000,12,9904000,2,195,642,"61,810                        						
							km",0,77000,0,0.0,0.0,0.0,27000.0,4390000,0.0,181035,443,2530,3700
KEN,Kenya,58246378,21551160,"14,037,377",931942,50000,0,25000,154,17,0,21,30,2,0,84,2,188,9114,18,53,0,27,,0,0,0,0,0,0,18,0,1651803025,31451000000,328632000000,10067000000,368,23781000,4,26,3819,"161,452                        						
							km",0,113000,0,0.0,0.0,0.0,0.0,1453000,0.0,580367,536,3457,0
CHD,Chad,19093595,6873694,"3,856,906",381872,37750,0,5000,40,0,7,7,8,2,0,16,3,90,4345,10,13,16,0,,0,0,0,0,0,0,0,0,706800000,2286000000,52895000000,1050000000,44,6600000,0,0,0,"40,000                        						
							km",124000,15000,1500000000,0.0,0.0,0.0,0.0,0,0.0,1284000,0,6406,12400
OMA,Oman,3901992,1482757,"1,291,559",50726,100000,0,10000,128,29,10,9,45,4,0,31,0,264,11380,24,144,0,17,22490.0,0,0,0,0,0,5,8,0,8364000000,55986700000,193591000000,18287000000,37,2696000,7,57,0,"60,230                        						
							km",1056000,218000,5375000000,40754000000.0,27364000000.0,651287000000.0,0.0,82000,0.0,309500,2092,1561,0
SYR,Syria,23865423,15273871,"13,245,310",668232,100000,0,50000,104,52,5,2,8,0,0,39,7,168,18736,60,0,0,12,,0,0,0,0,0,0,8,0,145925000,4441250000,98858000000,307766250,42,6617000,3,24,2052,"69,873                        						
							km",65000,102000,2500000000,3085000000.0,3084000000.0,240693000000.0,0.0,15000,0.0,187437,193,2363,900
LIT,Lithuania,2628186,1708321,"1,332,490",36795,23000,104000,14150,9,0,0,5,0,0,0,4,0,0,4553,16,54,0,13,,0,0,0,0,0,0,5,4,5651760000,48400000000,136227000000,7406000000,64,1548000,2,59,1911,"83,821                        						
							km",4000,67000,12000000,0.0,1601000000.0,0.0,0.0,166000,0.0,65300,90,1545,441
TNZ,Tanzania,67462121,12143182,"6,678,750",607159,25000,0,6500,38,11,0,6,6,0,0,15,0,200,8408,0,205,70,12,,0,0,0,0,0,0,10,0,1476113361,17513000000,246706000000,5371525000,206,32983000,8,381,4097,"145,203                        						
							km",0,85000,0,1808000000.0,1808000000.0,6513000000.0,2341000.0,740000,1410000000.0,947300,1424,4161,0
NWZ,New Zealand,5161211,2219321,"1,775,457",61935,10050,3300,300,47,0,0,7,13,6,0,21,0,0,3378,0,31,0,8,,0,0,0,0,2,0,4,0,2455949332,230651410000,257117000000,22065000000,206,3124000,22,117,4128,"94,000                        						
							km",12000,154000,40993000,3770000000.0,3819000000.0,31149000000.0,3011000.0,2696000,6750000000.0,268838,15134,0,0
SLN,Slovenia,2097893,1006989,"826,570",22867,7000,26000,5000,40,0,0,5,23,0,0,16,0,54,4636,17,18,0,3,,0,0,0,0,0,0,3,0,1782000000,60500000000,103118000000,2832000000,42,1058000,2,8,1207,"38,125                        						
							km",4,44000,0,3863000.0,840902000.0,0.0,2440000.0,2309000,95000000.0,20273,47,1211,710
MOZ,Mozambique,33350954,14674420,"7,770,772",533615,11200,0,3000,23,8,2,5,1,0,0,7,2,60,3488,0,104,12,36,,0,0,0,0,0,0,36,0,480000000,8274000000,51786000000,3843000000,92,15173000,11,36,4787,"30,562                        						
							km",0,42000,0,5388000000.0,1347000000.0,2832000000000.0,10583000.0,13000,1792000000.0,799380,2470,4783,460
MGL,Mongolia,3281676,1870555,"1,552,233",62352,35000,230000,50000,8,0,0,3,2,0,0,3,0,420,11040,0,500,130,0,,0,0,0,0,0,0,0,0,1590000000,8379000000,59221000000,5508000000,37,1449000,0,318,1815,"113,200                        						
							km",15000,39000,0,0.0,0.0,0.0,68824000.0,8941000,2520000000.0,1564116,0,8082,580
IRE,Ireland,5233461,2407392,"1,999,182",57568,7557,1720,0,23,0,0,5,8,2,0,8,0,0,3296,0,0,0,8,,0,0,0,0,0,0,8,0,1754400500,3630000000000,620544000000,12698000000,100,2857000,21,94,1688,"102,227                        						
							km",600,159000,0,1447000000.0,5280000000.0,9911000000.0,0.0,1341000,40000000.0,70273,1448,443,956
GEO,Georgia,4900961,2744538,"2,225,036",93118,37000,205500,0,61,0,5,2,10,0,0,44,11,132,5974,67,121,42,19,,0,0,0,0,0,0,31,4,680000000,9085000000,91849000000,4447000000,21,1833000,3,26,1363,"40,044                        						
							km",300,34000,35000000,8760000.0,2796000000.0,8495000000.0,148000.0,384000,900999000.0,69700,310,1814,0
GUA,Guatemala,18255216,7484639,"6,279,794",182552,106114,90000,35000,35,0,3,10,0,2,0,20,0,0,3268,0,110,0,25,,0,0,0,0,0,0,20,0,616000000,11862000000,232673000000,24412000000,58,7575000,3,9,800,"17,440                        						
							km",6000,117000,86110000,3276000.0,2986000.0,0.0,0.0,1012000,0.0,108889,400,1667,990
URU,Uruguay,3425330,1575652,"1,322,177",54805,24000,0,5000,43,0,6,6,12,5,2,12,0,62,5968,16,83,4,16,,0,0,0,0,0,0,5,2,1903440000,54450000000,108502000000,17378000000,65,1768000,8,58,1673,"77,732                        						
							km",400,50000,0,0.0,86037000.0,0.0,0.0,8000,0.0,176215,660,1591,1600
YEM,Yemen,32140443,12213368,"9,031,464",610668,33350,0,20000,160,68,0,3,30,0,0,59,14,0,1550,12,60,30,26,,0,0,0,0,0,1,9,0,405187500,6492000000,18719000000,831025575,37,7848000,10,30,0,"71,300                        						
							km",15000,58000,3000000000,189432000.0,189432000.0,478555000000.0,0.0,27000,0.0,527968,1906,1601,0
CAM,Cameroon,30966105,10528476,"6,224,187",495458,38000,0,9000,35,0,0,6,6,2,0,21,0,0,860,18,52,20,19,,0,0,0,0,0,0,19,0,835694942,11112000000,143264000000,4882000000,37,11119000,7,198,987,"77,589                        						
							km",64000,41000,200000000,2595000000.0,877058000.0,135071000000.0,0.0,0,0.0,475440,400,5018,0
TJK,Tajikistan,10394063,4781269,"3,773,045",176699,150000,600000,20000,25,0,0,1,4,0,0,20,6,38,6782,3,13,24,0,,0,0,0,0,0,0,0,0,450460000,3024000000,50370000000,3026450000,19,2780000,0,0,680,"30,000                        						
							km",300,31000,12000000,18476000.0,85567000.0,5663000000.0,2394000.0,2297000,4075000000.0,144100,0,4130,200
ARM,Armenia,2976765,1666988,"1,366,335",44651,65000,210000,5000,69,4,14,3,12,0,0,36,20,109,1412,104,193,100,0,,0,0,0,0,0,0,0,0,1480000000,6002000000,60909000000,3685000000,11,1510000,0,0,686,"7,700                        						
							km",0,15000,0,0.0,2861000000.0,0.0,300.0,19000,317000000.0,29743,0,1570,0
LAT,Latvia,1801246,810561,"648,449",16211,17870,38000,12500,3,0,0,0,0,0,0,3,0,0,3410,47,0,0,18,,0,0,0,0,0,0,11,6,42000000,48598440000,72516000000,5141000000,55,954900,5,83,2216,"57,972                        						
							km",2000,33000,0,0.0,828214000.0,0.0,0.0,20000,0.0,64589,498,1370,300
HON,Honduras,9529188,4192843,"3,144,632",95292,52225,0,23000,45,6,7,10,10,1,0,11,0,22,4666,0,48,0,98,,0,0,0,0,0,0,93,0,612300000,7785000000,71297000000,8036000000,129,4296000,8,489,699,"14,742                        						
							km",20,71000,0,0.0,0.0,0.0,0.0,144000,0.0,112090,832,1575,465
MAL,Mali,21990607,6817088,"4,288,168",351850,40000,0,4800,44,9,12,8,4,1,0,10,8,0,3717,0,50,30,0,,0,0,0,0,0,0,0,0,1110000000,4085000000,71253000000,647800000,30,9126000,0,0,593,"139,107                        						
							km",0,46000,0,0.0,0.0,0.0,0.0,0,0.0,1240192,0,7908,1800
ZIM,Zimbabwe,17150352,6517134,"3,721,626",360157,29000,0,21800,80,9,9,14,20,0,0,28,6,60,1248,0,0,0,0,,0,0,0,0,0,0,0,0,1976800000,6671000000,57391000000,484973000,144,6386000,0,0,3427,"97,267                        						
							km",800,34000,0,0.0,0.0,0.0,7968000.0,6705000,502000000.0,390757,0,3229,0
EST,Estonia,1193791,584958,"456,028",13132,7700,230000,10000,2,0,0,2,0,0,0,0,0,0,2579,48,0,6,8,,0,0,0,0,0,0,4,4,2375000000,29040000000,57001000000,2075000000,34,756200,20,72,1441,"89,382                        						
							km",24000,27000,0,0.0,354912000.0,0.0,0.0,800,0.0,45228,3794,657,335
UGA,Uganda,49283041,16756234,"9,905,891",985661,45000,0,10000,51,6,0,3,12,0,0,30,6,259,9702,6,26,12,0,,0,0,0,0,0,0,0,0,1510000000,10469000000,144137000000,3432750000,39,22829000,0,0,1244,"20,544                        						
							km",0,44000,2500000000,0.0,0.0,14158000000.0,19.0,0,799999000.0,241038,0,2729,0
IVC,Ivory Coast,29981758,12292521,"7,855,221",569653,22000,0,5500,22,0,0,3,2,3,0,14,5,0,1328,0,4,6,8,,0,0,0,0,0,0,7,0,18200000,26576000000,215018000000,7583484000,29,12595000,5,25,660,"81,996                        						
							km",29000,87000,100000000,2635000000.0,2635000000.0,28317000000.0,0.0,0,0.0,322463,515,3458,980
KYR,Kyrgyzstan,6172101,3147772,"2,487,357",117270,23000,0,55000,7,0,0,0,0,0,0,7,2,215,5372,30,174,21,0,,0,0,0,0,0,0,0,0,654000000,3617000000,50907000000,5089000000,28,3197000,0,0,424,"34,000                        						
							km",6000,31000,40000000,31026000.0,438000000.0,5663000000.0,3685000.0,4212000,28499000000.0,199951,0,4573,576
LUX,Luxembourg,671254,154388,"92,633",3356,1200,0,0,1,0,0,1,0,0,0,0,0,0,476,0,0,0,0,,0,0,0,0,0,0,0,0,1530685000,5203000000000,86871000000,2789000000,3,350000,0,147,271,"2,746                        						
							km",0,51000,0,0.0,594240000.0,0.0,0.0,34000,0.0,2586,0,327,37
ZAM,Zambia,20799116,7279691,"4,139,024",374384,15150,0,1200,78,0,0,13,34,0,0,33,0,75,848,12,60,50,0,,0,0,0,0,0,0,0,0,385321000,16597000000,79207000000,3017000000,120,7407000,0,2,3126,"67,671                        						
							km",0,34000,0,0.0,0.0,0.0,2091000.0,2081000,945000000.0,752618,0,6043,0
GHA,Ghana,34589092,14873310,"9,961,658",622604,15500,0,0,18,0,0,2,5,2,0,9,0,0,3648,0,6,6,20,,0,0,0,0,0,0,20,0,954423756,29241000000,243124000000,3624000000,11,13927000,4,52,947,"65,725                        						
							km",176000,96000,660000000,3192000000.0,3912000000.0,22653000000.0,0.0,51000,0.0,238533,539,2420,1293
SSD,South Sudan,12703714,6351857,"4,065,188",330297,185000,0,0,19,0,0,4,0,0,0,15,6,122,2550,24,0,15,0,,0,0,0,0,0,0,0,0,30700000,2722500000,6752000000,128248000,89,5091000,0,0,248,"90,200                        						
							km",146000,11000,3750000000,0.0,0.0,0.0,0.0,0,0.0,644329,0,6018,0
MAC,North Macedonia,2135622,948216,"783,773",27763,10010,60000,3500,20,0,0,0,10,0,0,10,4,0,1878,0,156,18,0,,0,0,0,0,0,0,0,0,421527100,5637000000,43844000000,5252000000,13,779200,0,0,699,"15,170                        						
							km",0,24000,0,0.0,274928000.0,0.0,4000000.0,5344000,332000000.0,25713,0,838,0
DOM,Dominican Republic,10815857,4975294,"4,034,315",97343,89000,189000,30000,80,0,8,11,17,1,0,49,0,6,930,0,14,0,34,,0,0,0,0,0,0,14,0,903000000,35044000000,276884000000,13471000000,32,5413000,17,40,496,"19,705                        						
							km",0,146000,0,0.0,2440000000.0,0.0,0.0,2356000,0.0,48320,1288,376,0
NIC,Nicaragua,6676948,3271705,"2,777,610",146893,45000,0,5500,17,0,0,5,1,0,0,12,0,186,6344,0,347,151,23,,0,0,0,0,0,0,23,0,1311600000,6753000000,52989000000,6105000000,39,3225000,5,5,0,"24,033                        						
							km",200,28000,0,0.0,0.0,0.0,0.0,0,0.0,130370,910,1253,2220
ROC,Republic of the Congo,6097665,2256136,"1,353,682",115856,10000,0,2500,14,2,0,4,0,0,0,8,1,61,804,3,38,30,4,,0,0,0,0,0,0,0,0,933360000,6360000000,39147000000,715391000,56,2563000,5,11,510,"23,324                        						
							km",267000,13000,2885000000,423000000.0,423000000.0,283990000000.0,0.0,0,0.0,342000,169,5008,1120
LEB,Lebanon,5364482,2092148,"1,775,644",69738,80000,15000,65000,80,0,9,0,9,0,0,68,0,334,6912,12,350,11,48,,0,0,0,0,0,0,42,0,800000000,41619000000,65415000000,33301000000,8,1939000,5,51,401,"21,705                        						
							km",0,115000,0,0.0,0.0,0.0,0.0,166000,0.0,10400,225,484,0
ERI,Eritrea,6343956,2220385,"1,598,677",76127,350000,680000,0,20,1,0,5,1,0,0,13,6,148,1040,45,89,44,23,,0,0,0,0,0,0,18,0,219000000,461376000,2534000000,191694000,11,1710000,2,9,306,"16,000                        						
							km",0,5000,0,0.0,0.0,0.0,0.0,0,0.0,117600,2234,1840,0
NGR,Niger,26342784,7902835,"5,294,900",447827,25000,0,5000,26,0,2,7,0,2,0,13,2,0,1550,0,0,0,0,,0,0,0,0,0,0,0,0,488400000,3793000000,47921000000,1442772000,26,10486000,0,0,0,"18,949                        						
							km",13000,18000,150000000,29509000.0,29858000.0,0.0,427000.0,426000,90000000.0,1267000,0,5834,300
AFG,Afghanistan,40121552,15647405,"8,826,741",842553,75000,0,90000,5,0,0,2,0,0,0,3,0,0,3902,0,0,0,0,,0,0,0,0,0,0,0,0,145000000,1929750000,82238000000,8852092000,68,9133000,0,0,0,"34,903                        						
							km",0,58000,0,80200000.0,80200000.0,49554000000.0,767000.0,503000,66000000.0,652230,0,5987,1200
NAM,Namibia,2803660,616805,"400,923",30840,17567,0,5000,36,11,0,5,13,0,0,7,2,7,2402,0,50,55,15,,0,0,0,0,0,2,15,0,450498000,9680000000,31154000000,3356000000,259,1131000,2,15,2628,"48,875                        						
							km",0,23000,0,0.0,0.0,62297000000.0,0.0,24000,350000000.0,824292,1572,4220,0
MAU,Mauritania,4328040,1687936,"1,181,555",82233,31540,66000,5000,23,0,4,7,6,2,0,4,0,51,5024,0,75,0,6,,0,0,0,0,0,0,6,0,270625000,3072000000,33069000000,2039000000,25,1210000,2,11,728,"12,253                        						
							km",0,32000,20000000,0.0,0.0,28317000000.0,0.0,0,0.0,1030700,754,5002,1086
NEP,Nepal,31122387,15249970,"11,733,140",778060,98500,82000,15000,17,0,0,7,0,0,0,10,0,0,1108,0,14,0,0,,0,0,0,0,0,0,0,0,431355326,5719000000,149643000000,12456000000,51,8435000,0,0,59,"64,500                        						
							km",0,71000,0,0.0,0.0,0.0,9000.0,1091000,8000000.0,147181,0,3159,0
LAO,Laos,7953556,3499565,"2,521,277",159071,100000,30000,120000,29,0,0,2,7,0,0,20,0,160,7725,50,97,64,51,,0,0,0,0,0,0,47,0,355600000,9619000000,66905000000,1770000000,20,3585000,0,1,422,"59,647                        						
							km",0,25000,0,0.0,0.0,0.0,16629000.0,15944000,62000000.0,236800,0,5274,4600
SEN,Senegal,18847519,7162057,"4,089,912",395798,17000,0,0,39,0,0,5,22,1,0,19,5,0,1860,0,20,6,4,,0,0,0,0,0,0,4,0,777800000,14985000000,83183000000,889295000,20,5763000,6,36,906,"16,665                        						
							km",9000,65000,0,54646000.0,54498000.0,0.0,0.0,138000,0.0,196722,531,2684,1000
BKF,Burkina Faso,23042199,8525614,"6,060,098",368675,7500,0,4500,26,0,3,2,0,2,0,19,5,0,876,0,8,9,0,,0,0,0,0,0,0,0,0,4590000000,3565000000,60001000000,47138000,49,6461000,0,0,622,"15,304                        						
							km",0,37000,0,0.0,0.0,0.0,0.0,0,0.0,274200,0,3611,0
MTN,Montenegro,599849,143964,"85,179",3599,2350,0,5500,10,0,0,0,0,0,0,10,0,0,946,0,12,12,20,,0,0,0,0,0,0,14,0,204000000,3643000000,17375000000,1741000000,5,245300,4,18,250,"7,762                        						
							km",0,9000,0,0.0,0.0,0.0,1862000.0,1658000,337000000.0,13812,294,680,0
ESL,El Salvador,6628702,3181777,"2,512,278",145831,25000,0,15000,51,0,15,3,10,0,0,28,0,0,2144,0,76,0,13,,0,0,0,0,0,0,8,0,1037200000,12668000000,73961000000,3705000000,27,2890000,3,5,13,"9,012                        						
							km",3,56000,0,0.0,226472.0,0.0,0.0,500,0.0,21041,307,590,422
BOT,Botswana,2450668,1029281,"617,568",24507,12000,0,0,45,10,0,9,10,0,0,16,0,45,1224,12,36,20,0,,0,0,0,0,0,0,0,0,581000000,1761000000,45553000000,3456000000,122,1173000,0,0,888,"31,747                        						
							km",0,22000,0,0.0,0.0,0.0,2242000.0,1351000,1660000000.0,581730,0,4347,0
MAD,Madagascar,29452714,11192031,"7,952,233",559602,13500,0,8100,6,0,0,1,0,0,0,5,0,12,316,0,17,0,7,,0,0,0,0,0,0,5,0,147630000,3548000000,52968000000,2785000000,93,16519000,13,29,836,"31,640                        						
							km",0,20000,0,0.0,0.0,0.0,0.0,472000,150000000.0,587040,4828,0,600
GAB,Gabon,2455105,932940,"532,758",46647,5000,0,2500,25,6,0,3,0,0,0,16,0,0,424,0,4,28,5,,0,0,0,0,0,0,4,0,340950000,6442000000,48045000000,1447000000,42,824400,9,87,649,"14,300                        						
							km",204000,14000,2000000000,463000000.0,463000000.0,25995000000.0,0.0,0,0.0,267667,885,3261,1600
BOS,Bosnia and Herzegovina,3798671,2355176,"1,956,316",49383,18000,8000,0,15,0,0,0,0,0,0,15,0,45,892,0,300,24,0,,0,0,0,0,0,0,0,0,289920000,5359000000,64641000000,9419000000,20,1356000,1,0,965,"8,619                        						
							km",0,34000,0,0.0,225824000.0,0.0,12311000.0,12304000,2264000000.0,51197,20,1543,990
ICE,Iceland,364036,83728,"50,237",1820,0,0,0,0,0,0,0,0,0,0,0,0,0,350,0,0,0,0,,0,0,0,0,0,0,0,0,500000000,24200000000,26561000000,6403000000,82,248400,43,39,0,"12,905                        						
							km",0,19000,0,0.0,0.0,0.0,0.0,137000,0.0,100250,4970,0,0
PAN,Panama,4470241,2011608,"1,206,965",53643,16300,0,80000,38,0,0,13,0,2,0,23,0,0,1550,0,0,0,22,,0,0,0,0,0,0,14,0,1069750000,1227085530000,164484000000,6856000000,77,2206000,12,8174,77,"11,978                        						
							km",0,131000,0,0.0,389611000.0,0.0,0.0,863000,0.0,75420,2490,687,800
MOL,Moldova,3599528,2159717,"1,792,565",71991,6500,2000,2000,3,0,0,1,0,0,0,2,0,0,1598,4,67,11,0,,0,0,0,0,0,0,0,0,114114000,2637000000,39342000000,5848000000,10,1358000,0,75,1171,"9,488                        						
							km",0,22000,0,10000.0,2344000000.0,0.0,0.0,90000,0.0,33851,0,1885,558
SOM,Somalia,13017273,2993973,"1,796,384",130173,30000,0,2000,6,0,0,0,0,0,0,6,0,0,1104,0,0,0,19,,0,0,0,0,0,0,19,0,870000000,2563000000,26770000000,16747500,40,3439000,6,4,0,"15,000                        						
							km",0,6000,0,0.0,0.0,5663000000.0,0.0,0,0.0,637657,3025,2385,0
BEN,Benin,14697052,5584880,"3,189,260",308638,4750,0,0,7,0,0,1,0,1,0,5,0,0,92,0,16,0,2,,0,0,0,0,0,0,2,0,137690000,6309000000,56424000000,698900000,10,6397000,1,6,438,"16,000                        						
							km",0,40000,8000000,0.0,182131000.0,1133000000.0,0.0,164000,0.0,112622,121,2123,150
KOS,Kosovo,1977093,917371,"743,387",17794,4000,5000,500,0,0,0,0,0,0,0,0,0,0,1357,0,0,0,0,,0,0,0,0,0,0,0,0,1177450000,785739000,25019000000,1310000000,2,500300,0,0,437,"2,248                        						
							km",0,16000,0,0.0,0.0,0.0,6924000.0,6931000,1564000000.0,10887,0,714,0
SLE,Sierra Leone,9121049,2006631,"1,203,978",45605,13000,0,0,1,0,0,0,0,0,0,1,0,0,350,0,0,0,10,,0,0,0,0,0,0,10,0,450000000,1451000000,26728000000,495699000,8,2863000,3,584,0,"11,701                        						
							km",0,9000,0,0.0,0.0,0.0,0.0,0,0.0,71740,402,1093,800
LIB,Liberia,5437249,2392390,"1,913,912",65247,2100,0,5500,0,0,0,0,0,0,0,0,0,0,550,0,0,0,6,,0,0,0,0,0,0,6,0,20700000,1335000000,9308000000,599660000,19,2607000,4,4821,429,"10,600                        						
							km",0,5000,0,0.0,0.0,0.0,0.0,0,0.0,111369,579,1667,0
SRN,Suriname,646758,142287,"84,079",3234,2500,0,200,3,0,0,0,0,0,0,3,0,0,1250,0,0,0,17,,0,0,0,0,0,0,17,0,58440000,2645000000,12316000000,1632000000,55,255500,4,13,0,"4,304                        						
							km",14000,17000,89000000,7109000.0,6967000.0,0.0,0.0,0,0.0,163820,386,1907,1200
CAR,Central African Republic,5650957,2203873,"1,254,512",101717,30000,0,1000,8,0,8,0,0,0,0,0,0,0,270,0,0,0,0,,0,0,0,0,0,0,0,0,300000000,724179000,5926000000,374405000,43,2000000,0,0,0,"24,000                        						
							km",0,2000,0,0.0,0.0,0.0,0.0,0,3000000.0,622984,0,5920,2800
BLZ,Beliz,415789,158000,"90,226",8732,2000,850,0,3,0,0,1,0,1,0,1,0,0,164,0,0,0,15,,0,0,0,0,0,0,15,0,34400000,1235000000,5538000000,498087000,27,190000,2,774,0,"3,281                        						
							km",800,5000,6700000,0.0,0.0,0.0,0.0,0,0.0,22966,386,542,825
BUT,Bhutan,884546,203446,"122,067",4423,16000,50000,0,2,0,0,0,0,0,0,2,0,0,78,0,0,0,0,,0,0,0,0,0,0,0,0,26600000,2827000000,11517000000,941018000,4,406500,0,0,0,"12,205                        						
							km",0,4000,0,0.0,0.0,0.0,4000.0,105000,0.0,38394,0,1136,0
